,Date,Interest Rate,Unemployment Rate,Inflation Rate
0,1954-07-01,0.8,5.8,3.2
1,1954-08-01,1.22,6.0,3.2
2,1954-09-01,1.06,6.1,3.2
3,1954-10-01,0.85,5.7,3.2
4,1954-11-01,0.83,5.3,3.2
5,1954-12-01,1.28,5.0,3.2
6,1955-01-01,1.39,4.9,3.2
7,1955-02-01,1.29,4.7,3.2
8,1955-03-01,1.35,4.6,3.2
9,1955-04-01,1.43,4.7,3.2
10,1955-05-01,1.43,4.3,3.2
11,1955-06-01,1.64,4.2,3.2
12,1955-07-01,1.68,4.0,3.2
13,1955-08-01,1.96,4.2,3.2
14,1955-09-01,2.18,4.1,3.2
15,1955-10-01,2.24,4.3,3.2
16,1955-11-01,2.35,4.2,3.2
17,1955-12-01,2.48,4.2,3.2
18,1956-01-01,2.45,4.0,3.2
19,1956-02-01,2.5,3.9,3.2
20,1956-03-01,2.5,4.2,3.2
21,1956-04-01,2.62,4.0,3.2
22,1956-05-01,2.75,4.3,3.2
23,1956-06-01,2.71,4.3,3.2
24,1956-07-01,2.75,4.4,3.2
25,1956-08-01,2.73,4.1,3.2
26,1956-09-01,2.95,3.9,3.2
27,1956-10-01,2.96,3.9,3.2
28,1956-11-01,2.88,4.3,3.2
29,1956-12-01,2.94,4.2,3.2
30,1957-01-01,2.84,4.2,3.2
31,1957-02-01,3.0,3.9,3.2
32,1957-03-01,2.96,3.7,3.2
33,1957-04-01,3.0,3.9,3.2
34,1957-05-01,3.0,4.1,3.2
35,1957-06-01,3.0,4.3,3.2
36,1957-07-01,2.99,4.2,3.2
37,1957-08-01,3.24,4.1,3.2
38,1957-09-01,3.47,4.4,3.2
39,1957-10-01,3.5,4.5,3.2
40,1957-11-01,3.28,5.1,3.2
41,1957-12-01,2.98,5.2,3.2
42,1958-01-01,2.72,5.8,3.2
43,1958-02-01,1.67,6.4,3.2
44,1958-03-01,1.2,6.7,2.8
45,1958-04-01,1.26,7.4,2.4
46,1958-05-01,0.63,7.4,2.4
47,1958-06-01,0.93,7.3,2.1
48,1958-07-01,0.68,7.5,2.4
49,1958-08-01,1.53,7.4,2.1
50,1958-09-01,1.76,7.1,1.7
51,1958-10-01,1.8,6.7,1.7
52,1958-11-01,2.27,6.2,1.7
53,1958-12-01,2.42,6.2,1.7
54,1959-01-01,2.48,6.0,1.7
55,1959-02-01,2.43,5.9,1.7
56,1959-03-01,2.8,5.6,1.7
57,1959-04-01,2.96,5.2,1.7
58,1959-05-01,2.9,5.1,2.0
59,1959-06-01,3.39,5.0,2.0
60,1959-07-01,3.47,5.1,2.0
61,1959-08-01,3.5,5.2,2.0
62,1959-09-01,3.76,5.5,2.4
63,1959-10-01,3.98,5.7,2.7
64,1959-11-01,4.0,5.8,2.0
65,1959-12-01,3.99,5.3,2.0
66,1960-01-01,3.99,5.2,2.0
67,1960-02-01,3.97,4.8,2.3
68,1960-03-01,3.84,5.4,2.0
69,1960-04-01,3.92,5.2,2.0
70,1960-05-01,3.85,5.1,1.7
71,1960-06-01,3.32,5.4,1.7
72,1960-07-01,3.23,5.5,1.3
73,1960-08-01,2.98,5.6,1.3
74,1960-09-01,2.6,5.5,1.0
75,1960-10-01,2.47,6.1,1.0
76,1960-11-01,2.44,6.1,1.0
77,1960-12-01,1.98,6.6,1.0
78,1961-01-01,1.45,6.6,1.0
79,1961-02-01,2.54,6.9,0.7
80,1961-03-01,2.02,6.9,0.7
81,1961-04-01,1.49,7.0,1.0
82,1961-05-01,1.98,7.1,1.0
83,1961-06-01,1.73,6.9,1.0
84,1961-07-01,1.17,7.0,1.3
85,1961-08-01,2.0,6.6,1.3
86,1961-09-01,1.88,6.7,1.6
87,1961-10-01,2.26,6.5,1.3
88,1961-11-01,2.61,6.1,1.3
89,1961-12-01,2.33,6.0,1.3
90,1962-01-01,2.15,5.8,1.3
91,1962-02-01,2.37,5.5,1.3
92,1962-03-01,2.85,5.6,1.6
93,1962-04-01,2.78,5.6,1.3
94,1962-05-01,2.36,5.5,1.6
95,1962-06-01,2.68,5.5,1.6
96,1962-07-01,2.71,5.4,1.3
97,1962-08-01,2.93,5.7,1.3
98,1962-09-01,2.9,5.6,1.3
99,1962-10-01,2.9,5.4,1.3
100,1962-11-01,2.94,5.7,1.3
101,1962-12-01,2.93,5.5,1.3
102,1963-01-01,2.92,5.7,1.0
103,1963-02-01,3.0,5.9,1.0
104,1963-03-01,2.98,5.7,1.0
105,1963-04-01,2.9,5.7,1.3
106,1963-05-01,3.0,5.9,1.0
107,1963-06-01,2.99,5.6,1.3
108,1963-07-01,3.02,5.6,1.3
109,1963-08-01,3.49,5.4,1.6
110,1963-09-01,3.48,5.5,1.3
111,1963-10-01,3.5,5.5,1.3
112,1963-11-01,3.48,5.7,1.6
113,1963-12-01,3.38,5.5,1.6
114,1964-01-01,3.48,5.6,1.9
115,1964-02-01,3.48,5.4,1.9
116,1964-03-01,3.43,5.4,1.9
117,1964-04-01,3.47,5.3,1.6
118,1964-05-01,3.5,5.1,1.6
119,1964-06-01,3.5,5.2,1.6
120,1964-07-01,3.42,4.9,1.6
121,1964-08-01,3.5,5.0,0.9
122,1964-09-01,3.45,5.1,1.3
123,1964-10-01,3.36,5.1,1.3
124,1964-11-01,3.52,4.8,1.2
125,1964-12-01,3.85,5.0,1.2
126,1965-01-01,3.9,4.9,1.6
127,1965-02-01,3.98,5.1,1.6
128,1965-03-01,4.04,4.7,1.2
129,1965-04-01,4.09,4.8,1.6
130,1965-05-01,4.1,4.6,1.6
131,1965-06-01,4.04,4.6,1.2
132,1965-07-01,4.09,4.4,1.2
133,1965-08-01,4.12,4.4,1.6
134,1965-09-01,4.01,4.3,1.5
135,1965-10-01,4.08,4.2,1.5
136,1965-11-01,4.1,4.1,1.2
137,1965-12-01,4.32,4.0,1.5
138,1966-01-01,4.42,4.0,0.9
139,1966-02-01,4.6,3.8,1.2
140,1966-03-01,4.65,3.8,1.5
141,1966-04-01,4.67,3.8,1.8
142,1966-05-01,4.9,3.9,2.1
143,1966-06-01,5.17,3.8,2.4
144,1966-07-01,5.3,3.8,2.8
145,1966-08-01,5.53,3.8,3.1
146,1966-09-01,5.4,3.7,3.0
147,1966-10-01,5.53,3.7,3.3
148,1966-11-01,5.76,3.6,3.6
149,1966-12-01,5.4,3.8,3.3
150,1967-01-01,4.94,3.9,3.6
151,1967-02-01,5.0,3.8,3.6
152,1967-03-01,4.53,3.8,3.6
153,1967-04-01,4.05,3.8,3.3
154,1967-05-01,3.94,3.8,3.3
155,1967-06-01,3.98,3.9,3.3
156,1967-07-01,3.79,3.8,3.3
157,1967-08-01,3.9,3.8,3.3
158,1967-09-01,3.99,3.8,3.6
159,1967-10-01,3.88,4.0,3.5
160,1967-11-01,4.13,3.9,3.5
161,1967-12-01,4.51,3.8,3.8
162,1968-01-01,4.6,3.7,4.1
163,1968-02-01,4.71,3.8,4.1
164,1968-03-01,5.05,3.7,4.4
165,1968-04-01,5.76,3.5,4.4
166,1968-05-01,6.11,3.5,4.3
167,1968-06-01,6.07,3.7,4.6
168,1968-07-01,6.02,3.7,4.9
169,1968-08-01,6.03,3.5,4.9
170,1968-09-01,5.78,3.4,4.9
171,1968-10-01,5.91,3.4,4.8
172,1968-11-01,5.82,3.4,5.1
173,1968-12-01,6.02,3.4,5.1
174,1969-01-01,6.3,3.4,5.1
175,1969-02-01,6.61,3.4,5.3
176,1969-03-01,6.79,3.4,5.6
177,1969-04-01,7.41,3.4,6.1
178,1969-05-01,8.67,3.4,6.1
179,1969-06-01,8.9,3.5,5.8
180,1969-07-01,8.61,3.5,5.8
181,1969-08-01,9.19,3.5,5.8
182,1969-09-01,9.15,3.7,6.0
183,1969-10-01,9.0,3.7,6.0
184,1969-11-01,8.85,3.5,5.9
185,1969-12-01,8.97,3.5,6.2
186,1970-01-01,8.98,3.9,6.2
187,1970-02-01,8.98,4.2,6.1
188,1970-03-01,7.76,4.4,6.1
189,1970-04-01,8.1,4.6,5.8
190,1970-05-01,7.94,4.8,6.0
191,1970-06-01,7.6,4.9,6.5
192,1970-07-01,7.21,5.0,6.2
193,1970-08-01,6.61,5.1,6.2
194,1970-09-01,6.29,5.4,6.2
195,1970-10-01,6.2,5.5,6.4
196,1970-11-01,5.6,5.9,6.6
197,1970-12-01,4.9,6.1,6.6
198,1971-01-01,4.14,5.9,6.3
199,1971-02-01,3.72,5.9,5.8
200,1971-03-01,3.71,6.0,5.2
201,1971-04-01,4.15,5.9,5.0
202,1971-05-01,4.63,5.9,5.2
203,1971-06-01,4.91,5.9,4.9
204,1971-07-01,5.31,6.0,4.9
205,1971-08-01,5.56,6.1,4.6
206,1971-09-01,5.55,6.0,4.4
207,1971-10-01,5.2,5.8,3.8
208,1971-11-01,4.91,6.0,3.3
209,1971-12-01,4.14,6.0,3.1
210,1972-01-01,3.5,5.8,3.1
211,1972-02-01,3.29,5.7,3.3
212,1972-03-01,3.83,5.8,3.3
213,1972-04-01,4.17,5.7,3.3
214,1972-05-01,4.27,5.7,3.1
215,1972-06-01,4.46,5.7,2.8
216,1972-07-01,4.55,5.6,2.8
217,1972-08-01,4.8,5.6,3.3
218,1972-09-01,4.87,5.5,2.8
219,1972-10-01,5.04,5.6,3.0
220,1972-11-01,5.06,5.3,3.0
221,1972-12-01,5.33,5.2,3.0
222,1973-01-01,5.94,4.9,2.8
223,1973-02-01,6.58,5.0,2.8
224,1973-03-01,7.09,4.9,3.0
225,1973-04-01,7.12,5.0,3.2
226,1973-05-01,7.84,4.9,3.2
227,1973-06-01,8.49,4.9,3.2
228,1973-07-01,10.4,4.8,3.2
229,1973-08-01,10.5,4.8,3.2
230,1973-09-01,10.78,4.8,3.8
231,1973-10-01,10.01,4.6,4.3
232,1973-11-01,10.03,4.8,4.5
233,1973-12-01,9.95,4.9,4.7
234,1974-01-01,9.65,5.1,4.9
235,1974-02-01,8.97,5.2,5.4
236,1974-03-01,9.35,5.1,5.8
237,1974-04-01,10.51,5.1,6.2
238,1974-05-01,11.31,5.1,6.8
239,1974-06-01,11.93,5.4,7.9
240,1974-07-01,12.92,5.5,8.8
241,1974-08-01,12.01,5.5,9.6
242,1974-09-01,11.34,5.9,10.2
243,1974-10-01,10.06,6.0,10.6
244,1974-11-01,9.45,6.6,11.2
245,1974-12-01,8.53,7.2,11.1
246,1975-01-01,7.13,8.1,11.5
247,1975-02-01,6.24,8.1,11.7
248,1975-03-01,5.54,8.6,11.4
249,1975-04-01,5.49,8.8,11.3
250,1975-05-01,5.22,9.0,10.5
251,1975-06-01,5.55,8.8,9.6
252,1975-07-01,6.1,8.6,9.1
253,1975-08-01,6.14,8.4,8.2
254,1975-09-01,6.24,8.4,7.7
255,1975-10-01,5.82,8.4,7.0
256,1975-11-01,5.22,8.3,6.8
257,1975-12-01,5.2,8.2,6.7
258,1976-01-01,4.87,7.9,6.7
259,1976-02-01,4.77,7.7,6.5
260,1976-03-01,4.84,7.6,6.6
261,1976-04-01,4.82,7.7,6.4
262,1976-05-01,5.29,7.4,6.5
263,1976-06-01,5.48,7.6,6.5
264,1976-07-01,5.31,7.8,6.7
265,1976-08-01,5.29,7.8,6.8
266,1976-09-01,5.25,7.6,6.8
267,1976-10-01,5.02,7.7,6.7
268,1976-11-01,4.95,7.8,6.5
269,1976-12-01,4.65,7.8,6.1
270,1977-01-01,4.61,7.5,6.3
271,1977-02-01,4.68,7.6,6.3
272,1977-03-01,4.69,7.4,6.2
273,1977-04-01,4.73,7.2,6.3
274,1977-05-01,5.35,7.0,6.3
275,1977-06-01,5.39,7.2,6.6
276,1977-07-01,5.42,6.9,6.3
277,1977-08-01,5.9,7.0,6.2
278,1977-09-01,6.14,6.8,6.2
279,1977-10-01,6.47,6.8,6.0
280,1977-11-01,6.51,6.8,5.9
281,1977-12-01,6.56,6.4,6.5
282,1978-01-01,6.7,6.4,6.4
283,1978-02-01,6.78,6.3,6.2
284,1978-03-01,6.79,6.3,6.3
285,1978-04-01,6.89,6.1,6.5
286,1978-05-01,7.36,6.0,6.8
287,1978-06-01,7.6,5.9,7.0
288,1978-07-01,7.81,6.2,7.4
289,1978-08-01,8.04,5.9,7.5
290,1978-09-01,8.45,6.0,7.9
291,1978-10-01,8.96,5.8,8.4
292,1978-11-01,9.76,5.9,8.7
293,1978-12-01,10.03,6.0,8.5
294,1979-01-01,10.07,5.9,8.6
295,1979-02-01,10.06,5.9,9.2
296,1979-03-01,10.09,5.8,9.3
297,1979-04-01,10.01,5.8,9.3
298,1979-05-01,10.24,5.6,9.4
299,1979-06-01,10.29,5.7,9.3
300,1979-07-01,10.47,5.7,9.6
301,1979-08-01,10.94,6.0,10.0
302,1979-09-01,11.43,5.9,9.9
303,1979-10-01,13.77,6.0,10.1
304,1979-11-01,13.18,5.9,10.6
305,1979-12-01,13.78,6.0,11.3
306,1980-01-01,13.82,6.3,12.0
307,1980-02-01,14.13,6.3,12.0
308,1980-03-01,17.19,6.3,12.5
309,1980-04-01,17.61,6.9,13.0
310,1980-05-01,10.98,7.5,13.3
311,1980-06-01,9.47,7.6,13.6
312,1980-07-01,9.03,7.8,12.4
313,1980-08-01,9.61,7.7,11.8
314,1980-09-01,10.87,7.5,12.0
315,1980-10-01,12.81,7.5,12.3
316,1980-11-01,15.85,7.5,12.1
317,1980-12-01,18.9,7.2,12.2
318,1981-01-01,19.08,7.5,11.4
319,1981-02-01,15.93,7.4,10.9
320,1981-03-01,14.7,7.4,10.0
321,1981-04-01,15.72,7.2,9.5
322,1981-05-01,18.52,7.5,9.5
323,1981-06-01,19.1,7.5,9.4
324,1981-07-01,19.04,7.2,11.1
325,1981-08-01,17.82,7.4,11.6
326,1981-09-01,15.87,7.6,11.8
327,1981-10-01,15.08,7.9,10.9
328,1981-11-01,13.31,8.3,10.2
329,1981-12-01,12.37,8.5,9.5
330,1982-01-01,13.22,8.6,9.3
331,1982-02-01,14.78,8.9,9.1
332,1982-03-01,14.68,9.0,8.8
333,1982-04-01,14.94,9.3,8.9
334,1982-05-01,14.45,9.4,8.7
335,1982-06-01,14.15,9.6,8.6
336,1982-07-01,12.59,9.8,7.6
337,1982-08-01,10.12,9.8,7.1
338,1982-09-01,10.31,10.1,5.9
339,1982-09-27,10.31,10.1,5.9
340,1982-10-01,9.71,10.4,5.9
341,1982-10-07,9.71,10.4,5.9
342,1982-11-01,9.2,10.8,5.3
343,1982-11-19,9.2,10.8,5.3
344,1982-12-01,8.95,10.8,4.5
345,1982-12-14,8.95,10.8,4.5
346,1983-01-01,8.68,10.4,4.7
347,1983-02-01,8.51,10.4,4.7
348,1983-03-01,8.77,10.3,4.7
349,1983-03-31,8.77,10.3,4.7
350,1983-04-01,8.8,10.2,4.3
351,1983-05-01,8.63,10.1,3.6
352,1983-05-25,8.63,10.1,3.6
353,1983-06-01,8.98,10.1,2.9
354,1983-06-24,8.98,10.1,2.9
355,1983-07-01,9.37,9.4,3.0
356,1983-07-14,9.37,9.4,3.0
357,1983-07-20,9.37,9.4,3.0
358,1983-08-01,9.56,9.5,3.0
359,1983-08-11,9.56,9.5,3.0
360,1983-08-17,9.56,9.5,3.0
361,1983-09-01,9.45,9.2,3.5
362,1983-09-15,9.45,9.2,3.5
363,1983-10-01,9.48,8.8,3.7
364,1983-11-01,9.34,8.5,4.3
365,1983-12-01,9.47,8.3,4.8
366,1984-01-01,9.56,8.0,4.8
367,1984-02-01,9.59,7.8,4.8
368,1984-03-01,9.91,7.8,5.0
369,1984-03-29,9.91,7.8,5.0
370,1984-04-01,10.29,7.7,5.0
371,1984-05-01,10.32,7.4,5.2
372,1984-06-01,11.06,7.2,5.1
373,1984-07-01,11.23,7.5,5.0
374,1984-07-05,11.23,7.5,5.0
375,1984-07-19,11.23,7.5,5.0
376,1984-08-01,11.64,7.5,5.1
377,1984-08-09,11.64,7.5,5.1
378,1984-09-01,11.3,7.3,5.1
379,1984-09-20,11.3,7.3,5.1
380,1984-09-27,11.3,7.3,5.1
381,1984-10-01,9.99,7.4,4.9
382,1984-10-11,9.99,7.4,4.9
383,1984-10-18,9.99,7.4,4.9
384,1984-11-01,9.43,7.2,4.6
385,1984-11-08,9.43,7.2,4.6
386,1984-11-23,9.43,7.2,4.6
387,1984-12-01,8.38,7.3,4.7
388,1984-12-06,8.38,7.3,4.7
389,1984-12-19,8.38,7.3,4.7
390,1984-12-24,8.38,7.3,4.7
391,1985-01-01,8.35,7.3,4.5
392,1985-01-24,8.35,7.3,4.5
393,1985-02-01,8.5,7.2,4.7
394,1985-02-14,8.5,7.2,4.7
395,1985-03-01,8.58,7.2,4.8
396,1985-03-28,8.58,7.2,4.8
397,1985-04-01,8.27,7.3,4.5
398,1985-04-25,8.27,7.3,4.5
399,1985-05-01,7.97,7.2,4.5
400,1985-05-20,7.97,7.2,4.5
401,1985-06-01,7.53,7.4,4.4
402,1985-07-01,7.88,7.4,4.2
403,1985-07-11,7.88,7.4,4.2
404,1985-08-01,7.9,7.1,4.1
405,1985-08-21,7.9,7.1,4.1
406,1985-09-01,7.92,7.1,4.0
407,1985-09-06,7.92,7.1,4.0
408,1985-10-01,7.99,7.1,4.1
409,1985-11-01,8.05,7.0,4.4
410,1985-12-01,8.27,7.0,4.3
411,1985-12-18,8.27,7.0,4.3
412,1986-01-01,8.14,6.7,4.4
413,1986-02-01,7.86,7.2,4.2
414,1986-03-01,7.48,7.2,4.1
415,1986-03-07,7.48,7.2,4.1
416,1986-04-01,6.99,7.1,4.2
417,1986-04-02,6.99,7.1,4.2
418,1986-04-21,6.99,7.1,4.2
419,1986-05-01,6.85,7.2,4.0
420,1986-05-22,6.85,7.2,4.0
421,1986-06-01,6.92,7.2,4.0
422,1986-06-05,6.92,7.2,4.0
423,1986-07-01,6.56,7.0,4.1
424,1986-07-11,6.56,7.0,4.1
425,1986-08-01,6.17,6.9,4.0
426,1986-08-21,6.17,6.9,4.0
427,1986-09-01,5.89,7.0,4.1
428,1986-10-01,5.85,7.0,4.0
429,1986-11-01,6.04,6.9,3.8
430,1986-12-01,6.91,6.6,3.8
431,1987-01-01,6.43,6.6,3.8
432,1987-01-05,6.43,6.6,3.8
433,1987-02-01,6.1,6.6,3.8
434,1987-03-01,6.13,6.6,4.0
435,1987-04-01,6.37,6.3,4.2
436,1987-04-30,6.37,6.3,4.2
437,1987-05-01,6.85,6.3,4.2
438,1987-05-22,6.85,6.3,4.2
439,1987-06-01,6.73,6.2,4.1
440,1987-07-01,6.58,6.1,4.0
441,1987-07-02,6.58,6.1,4.0
442,1987-08-01,6.73,6.0,4.2
443,1987-08-27,6.73,6.0,4.2
444,1987-09-01,7.22,5.9,4.3
445,1987-09-03,7.22,5.9,4.3
446,1987-09-04,7.22,5.9,4.3
447,1987-09-24,7.22,5.9,4.3
448,1987-10-01,7.29,6.0,4.3
449,1987-11-01,6.69,5.8,4.4
450,1987-11-04,6.69,5.8,4.4
451,1987-12-01,6.77,5.7,4.2
452,1988-01-01,6.83,5.7,4.3
453,1988-01-28,6.83,5.7,4.3
454,1988-02-01,6.58,5.7,4.3
455,1988-02-11,6.58,5.7,4.3
456,1988-03-01,6.58,5.7,4.4
457,1988-03-30,6.58,5.7,4.4
458,1988-04-01,6.87,5.4,4.3
459,1988-05-01,7.09,5.6,4.3
460,1988-05-09,7.09,5.6,4.3
461,1988-05-25,7.09,5.6,4.3
462,1988-06-01,7.51,5.4,4.5
463,1988-06-22,7.51,5.4,4.5
464,1988-07-01,7.75,5.4,4.5
465,1988-07-19,7.75,5.4,4.5
466,1988-08-01,8.01,5.6,4.4
467,1988-08-08,8.01,5.6,4.4
468,1988-08-09,8.01,5.6,4.4
469,1988-09-01,8.19,5.4,4.4
470,1988-10-01,8.3,5.4,4.5
471,1988-11-01,8.35,5.3,4.4
472,1988-11-17,8.35,5.3,4.4
473,1988-11-22,8.35,5.3,4.4
474,1988-12-01,8.76,5.3,4.7
475,1988-12-15,8.76,5.3,4.7
476,1989-01-01,9.12,5.4,4.6
477,1989-01-05,9.12,5.4,4.6
478,1989-02-01,9.36,5.2,4.8
479,1989-02-09,9.36,5.2,4.8
480,1989-02-14,9.36,5.2,4.8
481,1989-02-24,9.36,5.2,4.8
482,1989-03-01,9.85,5.0,4.7
483,1989-04-01,9.84,5.2,4.6
484,1989-05-01,9.81,5.2,4.6
485,1989-05-17,9.81,5.2,4.6
486,1989-06-01,9.53,5.3,4.5
487,1989-06-06,9.53,5.3,4.5
488,1989-07-01,9.24,5.2,4.6
489,1989-07-07,9.24,5.2,4.6
490,1989-07-27,9.24,5.2,4.6
491,1989-08-01,8.99,5.2,4.4
492,1989-09-01,9.02,5.3,4.3
493,1989-10-01,8.84,5.3,4.3
494,1989-10-19,8.84,5.3,4.3
495,1989-11-01,8.55,5.4,4.4
496,1989-11-06,8.55,5.4,4.4
497,1989-12-01,8.45,5.4,4.4
498,1989-12-20,8.45,5.4,4.4
499,1990-01-01,8.23,5.4,4.4
500,1990-02-01,8.24,5.3,4.6
501,1990-03-01,8.28,5.2,4.9
502,1990-04-01,8.26,5.4,4.8
503,1990-05-01,8.18,5.4,4.8
504,1990-06-01,8.29,5.2,4.9
505,1990-07-01,8.15,5.5,5.0
506,1990-07-13,8.15,5.5,5.0
507,1990-08-01,8.13,5.7,5.5
508,1990-09-01,8.2,5.9,5.5
509,1990-10-01,8.11,5.9,5.3
510,1990-10-29,8.11,5.9,5.3
511,1990-11-01,7.81,6.2,5.3
512,1990-11-14,7.81,6.2,5.3
513,1990-12-01,7.31,6.3,5.2
514,1990-12-07,7.31,6.3,5.2
515,1990-12-19,7.31,6.3,5.2
516,1991-01-01,6.91,6.4,5.6
517,1991-01-09,6.91,6.4,5.6
518,1991-02-01,6.25,6.6,5.6
519,1991-03-01,6.12,6.8,5.2
520,1991-03-08,6.12,6.8,5.2
521,1991-04-01,5.91,6.7,5.1
522,1991-04-30,5.91,6.7,5.1
523,1991-05-01,5.78,6.9,5.1
524,1991-06-01,5.9,6.9,5.0
525,1991-07-01,5.82,6.8,4.8
526,1991-08-01,5.66,6.9,4.6
527,1991-08-06,5.66,6.9,4.6
528,1991-09-01,5.45,6.9,4.5
529,1991-09-13,5.45,6.9,4.5
530,1991-10-01,5.21,7.0,4.4
531,1991-10-31,5.21,7.0,4.4
532,1991-11-01,4.81,7.0,4.5
533,1991-11-06,4.81,7.0,4.5
534,1991-12-01,4.43,7.3,4.4
535,1991-12-06,4.43,7.3,4.4
536,1991-12-20,4.43,7.3,4.4
537,1992-01-01,4.03,7.3,3.9
538,1992-02-01,4.06,7.4,3.8
539,1992-03-01,3.98,7.4,3.9
540,1992-04-01,3.73,7.4,3.9
541,1992-04-09,3.73,7.4,3.9
542,1992-05-01,3.82,7.6,3.8
543,1992-06-01,3.76,7.8,3.8
544,1992-07-01,3.25,7.7,3.7
545,1992-07-02,3.25,7.7,3.7
546,1992-08-01,3.3,7.6,3.5
547,1992-09-01,3.22,7.6,3.3
548,1992-09-04,3.22,7.6,3.3
549,1992-10-01,3.1,7.3,3.5
550,1992-11-01,3.09,7.4,3.4
551,1992-12-01,2.92,7.4,3.3
552,1993-01-01,3.02,7.3,3.5
553,1993-02-01,3.03,7.1,3.6
554,1993-03-01,3.07,7.0,3.4
555,1993-04-01,2.96,7.1,3.5
556,1993-05-01,3.0,7.1,3.4
557,1993-06-01,3.04,7.0,3.3
558,1993-07-01,3.06,6.9,3.2
559,1993-08-01,3.03,6.8,3.3
560,1993-09-01,3.09,6.7,3.2
561,1993-10-01,2.99,6.8,3.0
562,1993-11-01,3.02,6.6,3.1
563,1993-12-01,2.96,6.5,3.2
564,1994-01-01,3.05,6.6,2.9
565,1994-02-01,3.25,6.6,2.8
566,1994-02-04,3.25,6.6,2.8
567,1994-03-01,3.34,6.5,2.9
568,1994-03-22,3.34,6.5,2.9
569,1994-04-01,3.56,6.4,2.8
570,1994-04-18,3.56,6.4,2.8
571,1994-05-01,4.01,6.1,2.8
572,1994-05-17,4.01,6.1,2.8
573,1994-06-01,4.25,6.1,2.9
574,1994-07-01,4.26,6.1,2.9
575,1994-08-01,4.47,6.0,2.9
576,1994-08-16,4.47,6.0,2.9
577,1994-09-01,4.73,5.9,3.0
578,1994-10-01,4.76,5.8,2.9
579,1994-11-01,5.29,5.6,2.8
580,1994-11-15,5.29,5.6,2.8
581,1994-12-01,5.45,5.5,2.6
582,1995-01-01,5.53,5.6,2.9
583,1995-02-01,5.92,5.4,3.0
584,1995-03-01,5.98,5.4,3.0
585,1995-04-01,6.05,5.8,3.1
586,1995-05-01,6.01,5.6,3.1
587,1995-06-01,6.0,5.6,3.0
588,1995-07-01,5.85,5.7,3.0
589,1995-07-06,5.85,5.7,3.0
590,1995-08-01,5.74,5.7,2.9
591,1995-09-01,5.8,5.6,2.9
592,1995-10-01,5.76,5.5,3.0
593,1995-11-01,5.8,5.6,3.0
594,1995-12-01,5.6,5.6,3.0
595,1995-12-19,5.6,5.6,3.0
596,1996-01-01,5.56,5.6,3.0
597,1996-01-31,5.56,5.6,3.0
598,1996-02-01,5.22,5.5,2.9
599,1996-03-01,5.31,5.5,2.8
600,1996-04-01,5.22,5.6,2.7
601,1996-05-01,5.24,5.6,2.7
602,1996-06-01,5.27,5.3,2.7
603,1996-07-01,5.4,5.5,2.7
604,1996-08-01,5.22,5.1,2.6
605,1996-09-01,5.3,5.2,2.7
606,1996-10-01,5.24,5.2,2.6
607,1996-11-01,5.31,5.4,2.6
608,1996-12-01,5.29,5.4,2.6
609,1997-01-01,5.25,5.3,2.5
610,1997-02-01,5.19,5.2,2.5
611,1997-03-01,5.39,5.2,2.5
612,1997-03-25,5.39,5.2,2.5
613,1997-04-01,5.51,5.1,2.7
614,1997-05-01,5.5,4.9,2.5
615,1997-06-01,5.56,5.0,2.4
616,1997-07-01,5.52,4.9,2.4
617,1997-08-01,5.54,4.8,2.3
618,1997-09-01,5.54,4.9,2.2
619,1997-10-01,5.5,4.7,2.3
620,1997-11-01,5.52,4.6,2.2
621,1997-12-01,5.5,4.7,2.2
622,1998-01-01,5.56,4.6,2.2
623,1998-02-01,5.51,4.6,2.3
624,1998-03-01,5.49,4.7,2.1
625,1998-04-01,5.45,4.3,2.1
626,1998-05-01,5.49,4.4,2.2
627,1998-06-01,5.56,4.5,2.2
628,1998-07-01,5.54,4.5,2.2
629,1998-08-01,5.55,4.5,2.5
630,1998-09-01,5.51,4.6,2.5
631,1998-09-29,5.51,4.6,2.5
632,1998-10-01,5.07,4.5,2.3
633,1998-10-15,5.07,4.5,2.3
634,1998-11-01,4.83,4.4,2.3
635,1998-11-17,4.83,4.4,2.3
636,1998-12-01,4.68,4.4,2.4
637,1999-01-01,4.63,4.3,2.4
638,1999-02-01,4.76,4.4,2.1
639,1999-03-01,4.81,4.2,2.1
640,1999-04-01,4.74,4.3,2.2
641,1999-05-01,4.74,4.2,2.0
642,1999-06-01,4.76,4.3,2.1
643,1999-06-30,4.76,4.3,2.1
644,1999-07-01,4.99,4.3,2.1
645,1999-08-01,5.07,4.2,1.9
646,1999-08-24,5.07,4.2,1.9
647,1999-09-01,5.22,4.2,2.0
648,1999-10-01,5.2,4.1,2.1
649,1999-11-01,5.42,4.1,2.1
650,1999-11-16,5.42,4.1,2.1
651,1999-12-01,5.3,4.0,1.9
652,2000-01-01,5.45,4.0,2.0
653,2000-02-01,5.73,4.1,2.2
654,2000-02-02,5.73,4.1,2.2
655,2000-03-01,5.85,4.0,2.4
656,2000-03-21,5.85,4.0,2.4
657,2000-04-01,6.02,3.8,2.3
658,2000-05-01,6.27,4.0,2.4
659,2000-05-16,6.27,4.0,2.4
660,2000-06-01,6.53,4.0,2.5
661,2000-07-01,6.54,4.0,2.5
662,2000-08-01,6.5,4.1,2.6
663,2000-09-01,6.52,3.9,2.6
664,2000-10-01,6.51,3.9,2.5
665,2000-11-01,6.51,3.9,2.6
666,2000-12-01,6.4,3.9,2.6
667,2001-01-01,5.98,4.2,2.6
668,2001-01-03,5.98,4.2,2.6
669,2001-01-31,5.98,4.2,2.6
670,2001-02-01,5.49,4.2,2.7
671,2001-03-01,5.31,4.3,2.7
672,2001-03-20,5.31,4.3,2.7
673,2001-04-01,4.8,4.4,2.6
674,2001-04-18,4.8,4.4,2.6
675,2001-05-01,4.21,4.3,2.5
676,2001-05-15,4.21,4.3,2.5
677,2001-06-01,3.97,4.5,2.7
678,2001-06-27,3.97,4.5,2.7
679,2001-07-01,3.77,4.6,2.7
680,2001-08-01,3.65,4.9,2.7
681,2001-08-21,3.65,4.9,2.7
682,2001-09-01,3.07,5.0,2.6
683,2001-09-17,3.07,5.0,2.6
684,2001-10-01,2.49,5.3,2.6
685,2001-10-02,2.49,5.3,2.6
686,2001-11-01,2.09,5.5,2.8
687,2001-11-06,2.09,5.5,2.8
688,2001-12-01,1.82,5.7,2.7
689,2001-12-11,1.82,5.7,2.7
690,2002-01-01,1.73,5.7,2.6
691,2002-02-01,1.74,5.7,2.6
692,2002-03-01,1.73,5.7,2.4
693,2002-04-01,1.75,5.9,2.5
694,2002-05-01,1.75,5.8,2.5
695,2002-06-01,1.75,5.8,2.3
696,2002-07-01,1.73,5.8,2.2
697,2002-08-01,1.74,5.7,2.4
698,2002-09-01,1.75,5.7,2.2
699,2002-10-01,1.75,5.7,2.2
700,2002-11-01,1.34,5.9,2.0
701,2002-11-06,1.34,5.9,2.0
702,2002-12-01,1.24,6.0,1.9
703,2003-01-01,1.24,5.8,1.9
704,2003-02-01,1.26,5.9,1.7
705,2003-03-01,1.25,5.9,1.7
706,2003-04-01,1.26,6.0,1.5
707,2003-05-01,1.26,6.1,1.6
708,2003-06-01,1.22,6.3,1.5
709,2003-06-25,1.22,6.3,1.5
710,2003-07-01,1.01,6.2,1.5
711,2003-08-01,1.03,6.1,1.3
712,2003-09-01,1.01,6.1,1.2
713,2003-10-01,1.01,6.0,1.3
714,2003-11-01,1.0,5.8,1.1
715,2003-12-01,0.98,5.7,1.1
716,2004-01-01,1.0,5.7,1.1
717,2004-02-01,1.01,5.6,1.2
718,2004-03-01,1.0,5.8,1.6
719,2004-04-01,1.0,5.6,1.8
720,2004-05-01,1.0,5.6,1.7
721,2004-06-01,1.03,5.6,1.9
722,2004-06-30,1.03,5.6,1.9
723,2004-07-01,1.26,5.5,1.8
724,2004-08-01,1.43,5.4,1.7
725,2004-08-10,1.43,5.4,1.7
726,2004-09-01,1.61,5.4,2.0
727,2004-09-21,1.61,5.4,2.0
728,2004-10-01,1.76,5.5,2.0
729,2004-11-01,1.93,5.4,2.2
730,2004-11-10,1.93,5.4,2.2
731,2004-12-01,2.16,5.4,2.2
732,2004-12-14,2.16,5.4,2.2
733,2005-01-01,2.28,5.3,2.3
734,2005-02-01,2.5,5.4,2.4
735,2005-02-02,2.5,5.4,2.4
736,2005-03-01,2.63,5.2,2.3
737,2005-03-22,2.63,5.2,2.3
738,2005-04-01,2.79,5.2,2.2
739,2005-05-01,3.0,5.1,2.2
740,2005-05-03,3.0,5.1,2.2
741,2005-06-01,3.04,5.0,2.0
742,2005-06-30,3.04,5.0,2.0
743,2005-07-01,3.26,5.0,2.1
744,2005-08-01,3.5,4.9,2.1
745,2005-08-09,3.5,4.9,2.1
746,2005-09-01,3.62,5.0,2.0
747,2005-09-20,3.62,5.0,2.0
748,2005-10-01,3.78,5.0,2.1
749,2005-11-01,4.0,5.0,2.1
750,2005-12-01,4.16,4.9,2.2
751,2005-12-13,4.16,4.9,2.2
752,2006-01-01,4.29,4.7,2.1
753,2006-01-31,4.29,4.7,2.1
754,2006-02-01,4.49,4.8,2.1
755,2006-03-01,4.59,4.7,2.1
756,2006-03-28,4.59,4.7,2.1
757,2006-04-01,4.79,4.7,2.3
758,2006-05-01,4.94,4.6,2.4
759,2006-05-10,4.94,4.6,2.4
760,2006-06-01,4.99,4.6,2.6
761,2006-06-29,4.99,4.6,2.6
762,2006-07-01,5.24,4.7,2.7
763,2006-08-01,5.25,4.7,2.8
764,2006-09-01,5.25,4.5,2.9
765,2006-10-01,5.25,4.4,2.7
766,2006-11-01,5.25,4.5,2.6
767,2006-12-01,5.24,4.4,2.6
768,2007-01-01,5.25,4.6,2.7
769,2007-02-01,5.26,4.5,2.7
770,2007-03-01,5.26,4.4,2.5
771,2007-04-01,5.25,4.5,2.3
772,2007-05-01,5.25,4.4,2.2
773,2007-06-01,5.25,4.6,2.2
774,2007-07-01,5.26,4.7,2.2
775,2007-08-01,5.02,4.6,2.1
776,2007-09-01,4.94,4.7,2.1
777,2007-09-18,4.94,4.7,2.1
778,2007-10-01,4.76,4.7,2.2
779,2007-10-31,4.76,4.7,2.2
780,2007-11-01,4.49,4.7,2.3
781,2007-12-01,4.24,5.0,2.4
782,2007-12-11,4.24,5.0,2.4
783,2008-01-01,3.94,5.0,2.5
784,2008-01-22,3.94,5.0,2.5
785,2008-01-30,3.94,5.0,2.5
786,2008-02-01,2.98,4.9,2.3
787,2008-03-01,2.61,5.1,2.4
788,2008-03-18,2.61,5.1,2.4
789,2008-04-01,2.28,5.0,2.3
790,2008-04-30,2.28,5.0,2.3
791,2008-05-01,1.98,5.4,2.3
792,2008-06-01,2.0,5.6,2.4
793,2008-07-01,2.01,5.8,2.5
794,2008-08-01,2.0,6.1,2.5
795,2008-09-01,1.81,6.1,2.5
796,2008-10-01,0.97,6.5,2.2
797,2008-10-08,0.97,6.5,2.2
798,2008-10-29,0.97,6.5,2.2
799,2008-11-01,0.39,6.8,2.0
800,2008-12-01,0.16,7.3,1.8
801,2008-12-16,0.16,7.3,1.8
802,2009-01-01,0.15,7.8,1.7
803,2009-02-01,0.22,8.3,1.8
804,2009-03-01,0.18,8.7,1.8
805,2009-04-01,0.15,9.0,1.9
806,2009-05-01,0.18,9.4,1.8
807,2009-06-01,0.21,9.5,1.7
808,2009-07-01,0.16,9.5,1.5
809,2009-08-01,0.16,9.6,1.4
810,2009-09-01,0.15,9.8,1.5
811,2009-10-01,0.12,10.0,1.7
812,2009-11-01,0.12,9.9,1.7
813,2009-12-01,0.12,9.9,1.8
814,2010-01-01,0.11,9.8,1.6
815,2010-02-01,0.13,9.8,1.3
816,2010-03-01,0.16,9.9,1.1
817,2010-04-01,0.2,9.9,0.9
818,2010-05-01,0.2,9.6,0.9
819,2010-06-01,0.18,9.4,0.9
820,2010-07-01,0.18,9.4,0.9
821,2010-08-01,0.19,9.5,0.9
822,2010-09-01,0.19,9.5,0.8
823,2010-10-01,0.19,9.4,0.6
824,2010-11-01,0.19,9.8,0.8
825,2010-12-01,0.18,9.3,0.8
826,2011-01-01,0.17,9.1,1.0
827,2011-02-01,0.16,9.0,1.1
828,2011-03-01,0.14,9.0,1.2
829,2011-04-01,0.1,9.1,1.3
830,2011-05-01,0.09,9.0,1.5
831,2011-06-01,0.09,9.1,1.6
832,2011-07-01,0.07,9.0,1.8
833,2011-08-01,0.1,9.0,2.0
834,2011-09-01,0.08,9.0,2.0
835,2011-10-01,0.07,8.8,2.1
836,2011-11-01,0.08,8.6,2.2
837,2011-12-01,0.07,8.5,2.2
838,2012-01-01,0.08,8.3,2.3
839,2012-02-01,0.1,8.3,2.2
840,2012-03-01,0.13,8.2,2.3
841,2012-04-01,0.14,8.2,2.3
842,2012-05-01,0.16,8.2,2.3
843,2012-06-01,0.16,8.2,2.2
844,2012-07-01,0.16,8.2,2.1
845,2012-08-01,0.13,8.1,1.9
846,2012-09-01,0.14,7.8,2.0
847,2012-10-01,0.16,7.8,2.0
848,2012-11-01,0.16,7.7,1.9
849,2012-12-01,0.16,7.9,1.9
850,2013-01-01,0.14,8.0,1.9
851,2013-02-01,0.15,7.7,2.0
852,2013-03-01,0.14,7.5,1.9
853,2013-04-01,0.15,7.6,1.7
854,2013-05-01,0.11,7.5,1.7
855,2013-06-01,0.09,7.5,1.6
856,2013-07-01,0.09,7.3,1.7
857,2013-08-01,0.08,7.3,1.8
858,2013-09-01,0.08,7.2,1.7
859,2013-10-01,0.09,7.2,1.7
860,2013-11-01,0.08,6.9,1.7
861,2013-12-01,0.09,6.7,1.7
862,2014-01-01,0.07,6.6,1.6
863,2014-02-01,0.07,6.7,1.6
864,2014-03-01,0.08,6.7,1.7
865,2014-04-01,0.09,6.2,1.8
866,2014-05-01,0.09,6.3,2.0
867,2014-06-01,0.1,6.1,1.9
868,2014-07-01,0.09,6.2,1.9
869,2014-08-01,0.09,6.2,1.7
870,2014-09-01,0.09,5.9,1.7
871,2014-10-01,0.09,5.7,1.8
872,2014-11-01,0.09,5.8,1.7
873,2014-12-01,0.12,5.6,1.6
874,2015-01-01,0.11,5.7,1.6
875,2015-02-01,0.11,5.5,1.7
876,2015-03-01,0.11,5.4,1.8
877,2015-04-01,0.12,5.4,1.8
878,2015-05-01,0.12,5.5,1.7
879,2015-06-01,0.13,5.3,1.8
880,2015-07-01,0.13,5.2,1.8
881,2015-08-01,0.14,5.1,1.8
882,2015-09-01,0.14,5.0,1.9
883,2015-10-01,0.12,5.0,1.9
884,2015-11-01,0.12,5.0,2.0
885,2015-12-01,0.24,5.0,2.1
886,2015-12-16,0.24,5.0,2.1
887,2016-01-01,0.34,4.9,2.2
888,2016-02-01,0.38,4.9,2.3
889,2016-03-01,0.36,5.0,2.2
890,2016-04-01,0.37,5.0,2.1
891,2016-05-01,0.37,4.7,2.2
892,2016-06-01,0.38,4.9,2.2
893,2016-07-01,0.39,4.9,2.2
894,2016-08-01,0.4,4.9,2.3
895,2016-09-01,0.4,4.9,2.2
896,2016-10-01,0.4,4.8,2.1
897,2016-11-01,0.41,4.6,2.1
898,2016-12-01,0.54,4.7,2.2
899,2016-12-14,0.54,4.7,2.2
900,2017-01-01,0.65,4.8,2.3
901,2017-01-03,0.66,,
902,2017-01-04,0.66,,
903,2017-01-05,0.66,,
904,2017-01-06,0.66,,
905,2017-01-09,0.66,,
906,2017-01-10,0.66,,
907,2017-01-11,0.66,,
908,2017-01-12,0.66,,
909,2017-01-13,0.66,,
910,2017-01-17,0.66,,
911,2017-01-18,0.66,,
912,2017-01-19,0.66,,
913,2017-01-20,0.66,,
914,2017-01-23,0.66,,
915,2017-01-24,0.66,,
916,2017-01-25,0.66,,
917,2017-01-26,0.66,,
918,2017-01-27,0.66,,
919,2017-01-30,0.66,,
920,2017-01-31,0.56,,
921,2017-02-01,0.66,,
923,2017-02-02,0.66,,
924,2017-02-03,0.66,,
925,2017-02-06,0.66,,
926,2017-02-07,0.66,,
927,2017-02-08,0.66,,
928,2017-02-09,0.66,,
929,2017-02-10,0.66,,
930,2017-02-13,0.66,,
931,2017-02-14,0.66,,
932,2017-02-15,0.66,,
933,2017-02-16,0.66,,
934,2017-02-17,0.66,,
935,2017-02-21,0.66,,
936,2017-02-22,0.66,,
937,2017-02-23,0.66,,
938,2017-02-24,0.66,,
939,2017-02-27,0.66,,
940,2017-02-28,0.57,,
941,2017-03-01,0.66,4.7,2.2
943,2017-03-02,0.66,,
944,2017-03-03,0.66,,
945,2017-03-06,0.66,,
946,2017-03-07,0.66,,
947,2017-03-08,0.66,,
948,2017-03-09,0.66,,
949,2017-03-10,0.66,,
950,2017-03-13,0.66,,
951,2017-03-14,0.66,,
952,2017-03-15,0.66,,
953,2017-03-16,0.91,,
955,2017-03-17,0.91,,
956,2017-03-20,0.91,,
957,2017-03-21,0.91,,
958,2017-03-22,0.91,,
959,2017-03-23,0.91,,
960,2017-03-24,0.91,,
961,2017-03-27,0.91,,
962,2017-03-28,0.91,,
963,2017-03-29,0.91,,
964,2017-03-30,0.91,,
965,2017-03-31,0.82,,
966,2017-04-03,0.91,,
967,2017-04-04,0.91,,
968,2017-04-05,0.91,,
969,2017-04-06,0.91,,
970,2017-04-07,0.91,,
971,2017-04-10,0.91,,
972,2017-04-11,0.91,,
973,2017-04-12,0.91,,
974,2017-04-13,0.91,,
975,2017-04-14,0.91,,
976,2017-04-17,0.91,,
977,2017-04-18,0.91,,
978,2017-04-19,0.91,,
979,2017-04-20,0.91,,
980,2017-04-21,0.91,,
981,2017-04-24,0.91,,
982,2017-04-25,0.91,,
983,2017-04-26,0.91,,
984,2017-04-27,0.91,,
985,2017-04-28,0.83,,
986,2017-05-01,0.91,,
987,2017-05-02,0.91,,
988,2017-05-03,0.91,,
989,2017-05-04,0.91,,
990,2017-05-05,0.91,,
991,2017-05-08,0.91,,
992,2017-05-09,0.91,,
993,2017-05-10,0.91,,
994,2017-05-11,0.91,,
995,2017-05-12,0.91,,
996,2017-05-15,0.91,,
997,2017-05-16,0.91,,
998,2017-05-17,0.91,,
999,2017-05-18,0.91,,
1000,2017-05-19,0.91,,
1001,2017-05-22,0.91,,
1002,2017-05-23,0.91,,
1003,2017-05-24,0.91,,
1004,2017-05-25,0.91,,
1005,2017-05-26,0.91,,
1006,2017-05-30,0.91,,
1007,2017-05-31,0.83,,
1008,2017-06-01,0.91,,
1009,2017-06-02,0.91,,
1010,2017-06-05,0.91,,
1011,2017-06-06,0.91,,
1012,2017-06-07,0.91,,
1013,2017-06-08,0.91,,
1014,2017-06-09,0.91,,
1015,2017-06-12,0.91,,
1016,2017-06-13,0.91,,
1017,2017-06-14,0.91,,
1018,2017-06-15,1.16,,
1019,2017-06-16,1.16,,
1020,2017-06-19,1.16,,
1021,2017-06-20,1.16,,
1022,2017-06-21,1.16,,
1023,2017-06-22,1.16,,
1024,2017-06-23,1.16,,
1025,2017-06-26,1.16,,
1026,2017-06-27,1.16,,
1027,2017-06-28,1.16,,
1028,2017-06-29,1.16,,
1029,2017-06-30,1.06,,
1030,2017-07-03,1.16,,
1031,2017-07-05,1.16,,
1032,2017-07-06,1.16,,
1033,2017-07-07,1.16,,
1034,2017-07-10,1.16,,
1035,2017-07-11,1.16,,
1036,2017-07-12,1.16,,
1037,2017-07-13,1.16,,
1038,2017-07-14,1.16,,
1039,2017-07-17,1.16,,
1040,2017-07-18,1.16,,
1041,2017-07-19,1.16,,
1042,2017-07-20,1.16,,
1043,2017-07-21,1.16,,
1044,2017-07-24,1.16,,
1045,2017-07-25,1.16,,
1046,2017-07-26,1.16,,
1047,2017-07-27,1.16,,
1048,2017-07-28,1.16,,
1049,2017-07-31,1.07,,
1050,2017-08-01,1.16,,
1051,2017-08-02,1.16,,
1052,2017-08-03,1.16,,
1053,2017-08-04,1.16,,
1054,2017-08-07,1.16,,
1055,2017-08-08,1.16,,
1056,2017-08-09,1.16,,
1057,2017-08-10,1.16,,
1058,2017-08-11,1.16,,
1059,2017-08-14,1.16,,
1060,2017-08-15,1.16,,
1061,2017-08-16,1.16,,
1062,2017-08-17,1.16,,
1063,2017-08-18,1.16,,
1064,2017-08-21,1.16,,
1065,2017-08-22,1.16,,
1066,2017-08-23,1.16,,
1067,2017-08-24,1.16,,
1068,2017-08-25,1.16,,
1069,2017-08-28,1.16,,
1070,2017-08-29,1.16,,
1071,2017-08-30,1.16,,
1072,2017-08-31,1.07,,
1073,2017-09-01,1.16,,
1074,2017-09-05,1.16,,
1075,2017-09-06,1.16,,
1076,2017-09-07,1.16,,
1077,2017-09-08,1.16,,
1078,2017-09-11,1.16,,
1079,2017-09-12,1.16,,
1080,2017-09-13,1.16,,
1081,2017-09-14,1.16,,
1082,2017-09-15,1.16,,
1083,2017-09-18,1.16,,
1084,2017-09-19,1.16,,
1085,2017-09-20,1.16,,
1086,2017-09-21,1.16,,
1087,2017-09-22,1.16,,
1088,2017-09-25,1.16,,
1089,2017-09-26,1.16,,
1090,2017-09-27,1.16,,
1091,2017-09-28,1.16,,
1092,2017-09-29,1.06,,
1093,2017-10-02,1.16,,
1094,2017-10-03,1.16,,
1095,2017-10-04,1.16,,
1096,2017-10-05,1.16,,
1097,2017-10-06,1.16,,
1098,2017-10-10,1.16,,
1099,2017-10-11,1.16,,
1100,2017-10-12,1.16,,
1101,2017-10-13,1.16,,
1102,2017-10-16,1.16,,
1103,2017-10-17,1.16,,
1104,2017-10-18,1.16,,
1105,2017-10-19,1.16,,
1106,2017-10-20,1.16,,
1107,2017-10-23,1.16,,
1108,2017-10-24,1.16,,
1109,2017-10-25,1.16,,
1110,2017-10-26,1.16,,
1111,2017-10-27,1.16,,
1112,2017-10-30,1.16,,
1113,2017-10-31,1.07,,
1114,2017-11-01,1.16,,
1115,2017-11-02,1.16,,
1116,2017-11-03,1.16,,
1117,2017-11-06,1.16,,
1118,2017-11-07,1.16,,
1119,2017-11-08,1.16,,
1120,2017-11-09,1.16,,
1121,2017-11-10,1.16,,
1122,2017-11-13,1.16,,
1123,2017-11-14,1.16,,
1124,2017-11-15,1.16,,
1125,2017-11-16,1.16,,
1126,2017-11-17,1.16,,
1127,2017-11-20,1.16,,
1128,2017-11-21,1.16,,
1129,2017-11-22,1.16,,
1130,2017-11-24,1.16,,
1131,2017-11-27,1.16,,
1132,2017-11-28,1.16,,
1133,2017-11-29,1.16,,
1134,2017-11-30,1.07,,
1135,2017-12-01,1.16,,
1136,2017-12-04,1.16,,
1137,2017-12-05,1.16,,
1138,2017-12-06,1.16,,
1139,2017-12-07,1.16,,
1140,2017-12-08,1.16,,
1141,2017-12-11,1.16,,
1142,2017-12-12,1.17,,
1143,2017-12-13,1.17,,
1144,2017-12-14,1.41,,
1145,2017-12-15,1.41,,
1146,2017-12-18,1.42,,
1147,2017-12-19,1.42,,
1148,2017-12-20,1.42,,
1149,2017-12-21,1.42,,
1150,2017-12-22,1.42,,
1151,2017-12-26,1.42,,
1152,2017-12-27,1.42,,
1153,2017-12-28,1.42,,
1154,2017-12-29,1.33,,
1155,2018-01-02,1.42,,
1156,2018-01-03,1.42,,
1157,2018-01-04,1.42,,
1158,2018-01-05,1.42,,
1159,2018-01-08,1.42,,
1160,2018-01-09,1.42,,
1161,2018-01-10,1.42,,
1162,2018-01-11,1.42,,
1163,2018-01-12,1.42,,
1164,2018-01-16,1.42,,
1165,2018-01-17,1.42,,
1166,2018-01-18,1.42,,
1167,2018-01-19,1.42,,
1168,2018-01-22,1.42,,
1169,2018-01-23,1.42,,
1170,2018-01-24,1.42,,
1171,2018-01-25,1.42,,
1172,2018-01-26,1.42,,
1173,2018-01-29,1.42,,
1174,2018-01-30,1.42,,
1175,2018-01-31,1.34,,
1176,2018-02-01,1.42,,
1177,2018-02-02,1.42,,
1178,2018-02-05,1.42,,
1179,2018-02-06,1.42,,
1180,2018-02-07,1.42,,
1181,2018-02-08,1.42,,
1182,2018-02-09,1.42,,
1183,2018-02-12,1.42,,
1184,2018-02-13,1.42,,
1185,2018-02-14,1.42,,
1186,2018-02-15,1.42,,
1187,2018-02-16,1.42,,
1188,2018-02-20,1.42,,
1189,2018-02-21,1.42,,
1190,2018-02-22,1.42,,
1191,2018-02-23,1.42,,
1192,2018-02-26,1.42,,
1193,2018-02-27,1.42,,
1194,2018-02-28,1.35,,
1195,2018-03-01,1.42,,
1196,2018-03-02,1.42,,
1197,2018-03-05,1.42,,
1198,2018-03-06,1.42,,
1199,2018-03-07,1.42,,
1200,2018-03-08,1.42,,
1201,2018-03-09,1.42,,
1202,2018-03-12,1.42,,
1203,2018-03-13,1.42,,
1204,2018-03-14,1.42,,
1205,2018-03-15,1.43,,
1206,2018-03-16,1.43,,
1207,2018-03-19,1.43,,
1208,2018-03-20,1.44,,
1209,2018-03-21,1.44,,
1210,2018-03-22,1.68,,
1211,2018-03-23,1.68,,
1212,2018-03-26,1.68,,
1213,2018-03-27,1.68,,
1214,2018-03-28,1.68,,
1215,2018-03-29,1.68,,
1216,2018-03-30,1.67,,
1217,2018-04-02,1.68,,
1218,2018-04-03,1.69,,
1219,2018-04-04,1.69,,
1220,2018-04-05,1.69,,
1221,2018-04-06,1.69,,
1222,2018-04-09,1.69,,
1223,2018-04-10,1.69,,
1224,2018-04-11,1.69,,
1225,2018-04-12,1.69,,
1226,2018-04-13,1.69,,
1227,2018-04-16,1.69,,
1228,2018-04-17,1.69,,
1229,2018-04-18,1.69,,
1230,2018-04-19,1.69,,
1231,2018-04-20,1.7,,
1232,2018-04-23,1.7,,
1233,2018-04-24,1.7,,
1234,2018-04-25,1.7,,
1235,2018-04-26,1.7,,
1236,2018-04-27,1.7,,
1237,2018-04-30,1.69,,
1238,2018-05-01,1.7,,
1239,2018-05-02,1.7,,
1240,2018-05-03,1.7,,
1241,2018-05-04,1.7,,
1242,2018-05-07,1.7,,
1243,2018-05-08,1.7,,
1244,2018-05-09,1.7,,
1245,2018-05-10,1.7,,
1246,2018-05-11,1.7,,
1247,2018-05-14,1.7,,
1248,2018-05-15,1.7,,
1249,2018-05-16,1.7,,
1250,2018-05-17,1.7,,
1251,2018-05-18,1.7,,
1252,2018-05-21,1.7,,
1253,2018-05-22,1.7,,
1254,2018-05-23,1.7,,
1255,2018-05-24,1.7,,
1256,2018-05-25,1.7,,
1257,2018-05-29,1.7,,
1258,2018-05-30,1.7,,
1259,2018-05-31,1.7,,
1260,2018-06-01,1.7,,
1261,2018-06-04,1.7,,
1262,2018-06-05,1.7,,
1263,2018-06-06,1.7,,
1264,2018-06-07,1.7,,
1265,2018-06-08,1.7,,
1266,2018-06-11,1.7,,
1267,2018-06-12,1.7,,
1268,2018-06-13,1.7,,
1269,2018-06-14,1.9,,
1270,2018-06-15,1.9,,
1271,2018-06-18,1.9,,
1272,2018-06-19,1.91,,
1273,2018-06-20,1.92,,
1274,2018-06-21,1.92,,
1275,2018-06-22,1.92,,
1276,2018-06-25,1.92,,
1277,2018-06-26,1.92,,
1278,2018-06-27,1.91,,
1279,2018-06-28,1.91,,
1280,2018-06-29,1.91,,
1281,2018-07-02,1.91,,
1282,2018-07-03,1.91,,
1283,2018-07-05,1.91,,
1284,2018-07-06,1.91,,
1285,2018-07-09,1.91,,
1286,2018-07-10,1.91,,
1287,2018-07-11,1.91,,
1288,2018-07-12,1.91,,
1289,2018-07-13,1.91,,
1290,2018-07-16,1.91,,
1291,2018-07-17,1.91,,
1292,2018-07-18,1.91,,
1293,2018-07-19,1.91,,
1294,2018-07-20,1.91,,
1295,2018-07-23,1.91,,
1296,2018-07-24,1.91,,
1297,2018-07-25,1.91,,
1298,2018-07-26,1.91,,
1299,2018-07-27,1.91,,
1300,2018-07-30,1.91,,
1301,2018-07-31,1.91,,
1302,2018-08-01,1.91,,
1303,2018-08-02,1.91,,
1304,2018-08-03,1.91,,
1305,2018-08-06,1.91,,
1306,2018-08-07,1.91,,
1307,2018-08-08,1.91,,
1308,2018-08-09,1.91,,
1309,2018-08-10,1.91,,
1310,2018-08-13,1.91,,
1311,2018-08-14,1.91,,
1312,2018-08-15,1.91,,
1313,2018-08-16,1.92,,
1314,2018-08-17,1.92,,
1315,2018-08-20,1.92,,
1316,2018-08-21,1.92,,
1317,2018-08-22,1.92,,
1318,2018-08-23,1.92,,
1319,2018-08-24,1.92,,
1320,2018-08-27,1.92,,
1321,2018-08-28,1.92,,
1322,2018-08-29,1.92,,
1323,2018-08-30,1.92,,
1324,2018-08-31,1.91,,
1325,2018-09-04,1.92,,
1326,2018-09-05,1.92,,
1327,2018-09-06,1.92,,
1328,2018-09-07,1.92,,
1329,2018-09-10,1.92,,
1330,2018-09-11,1.92,,
1331,2018-09-12,1.92,,
1332,2018-09-13,1.92,,
1333,2018-09-14,1.92,,
1334,2018-09-17,1.92,,
1335,2018-09-18,1.92,,
1336,2018-09-19,1.92,,
1337,2018-09-20,1.92,,
1338,2018-09-21,1.92,,
1339,2018-09-24,1.93,,
1340,2018-09-25,1.93,,
1341,2018-09-26,1.93,,
1342,2018-09-27,2.18,,
1343,2018-09-28,2.18,,
1344,2018-10-01,2.18,,
1345,2018-10-02,2.18,,
1346,2018-10-03,2.18,,
1347,2018-10-04,2.18,,
1348,2018-10-05,2.18,,
1349,2018-10-09,2.18,,
1350,2018-10-10,2.18,,
1351,2018-10-11,2.18,,
1352,2018-10-12,2.18,,
1353,2018-10-15,2.18,,
1354,2018-10-16,2.18,,
1355,2018-10-17,2.19,,
1356,2018-10-18,2.19,,
1357,2018-10-19,2.19,,
1358,2018-10-22,2.19,,
1359,2018-10-23,2.2,,
1360,2018-10-24,2.2,,
1361,2018-10-25,2.2,,
1362,2018-10-26,2.2,,
1363,2018-10-29,2.2,,
1364,2018-10-30,2.2,,
1365,2018-10-31,2.2,,
1366,2018-11-01,2.2,,
1367,2018-11-02,2.19,,
1368,2018-11-05,2.2,,
1369,2018-11-06,2.2,,
1370,2018-11-07,2.2,,
1371,2018-11-08,2.2,,
1372,2018-11-09,2.19,,
1373,2018-11-13,2.2,,
1374,2018-11-14,2.2,,
1375,2018-11-15,2.2,,
1376,2018-11-16,2.2,,
1377,2018-11-19,2.2,,
1378,2018-11-20,2.2,,
1379,2018-11-21,2.2,,
1380,2018-11-23,2.2,,
1381,2018-11-26,2.2,,
1382,2018-11-27,2.2,,
1383,2018-11-28,2.2,,
1384,2018-11-29,2.2,,
1385,2018-11-30,2.2,,
1386,2018-12-03,2.19,,
1387,2018-12-04,2.2,,
1388,2018-12-05,2.2,,
1389,2018-12-06,2.2,,
1390,2018-12-07,2.19,,
1391,2018-12-10,2.2,,
1392,2018-12-11,2.19,,
1393,2018-12-12,2.19,,
1394,2018-12-13,2.19,,
1395,2018-12-14,2.19,,
1396,2018-12-17,2.2,,
1397,2018-12-18,2.2,,
1398,2018-12-19,2.2,,
1399,2018-12-20,2.4,,
1400,2018-12-21,2.4,,
1401,2018-12-24,2.4,,
1402,2018-12-26,2.4,,
1403,2018-12-27,2.4,,
1404,2018-12-28,2.4,,
1405,2018-12-31,2.4,,
1406,2019-01-02,2.4,,
1407,2019-01-03,2.4,,
1408,2019-01-04,2.4,,
1409,2019-01-07,2.4,,
1410,2019-01-08,2.4,,
1411,2019-01-09,2.4,,
1412,2019-01-10,2.4,,
1413,2019-01-11,2.4,,
1414,2019-01-14,2.4,,
1415,2019-01-15,2.4,,
1416,2019-01-16,2.4,,
1417,2019-01-17,2.4,,
1418,2019-01-18,2.4,,
1419,2019-01-22,2.4,,
1420,2019-01-23,2.4,,
1421,2019-01-24,2.4,,
1422,2019-01-25,2.4,,
1423,2019-01-28,2.4,,
1424,2019-01-29,2.4,,
1425,2019-01-30,2.4,,
1426,2019-01-31,2.4,,
1427,2019-02-01,2.4,,
1428,2019-02-04,2.4,,
1429,2019-02-05,2.4,,
1430,2019-02-06,2.4,,
1431,2019-02-07,2.4,,
1432,2019-02-08,2.4,,
1433,2019-02-11,2.4,,
1434,2019-02-12,2.4,,
1435,2019-02-13,2.4,,
1436,2019-02-14,2.4,,
1437,2019-02-15,2.4,,
1438,2019-02-19,2.4,,
1439,2019-02-20,2.4,,
1440,2019-02-21,2.4,,
1441,2019-02-22,2.4,,
1442,2019-02-25,2.4,,
1443,2019-02-26,2.4,,
1444,2019-02-27,2.4,,
1445,2019-02-28,2.4,,
1446,2019-03-01,2.4,,
1447,2019-03-04,2.4,,
1448,2019-03-05,2.4,,
1449,2019-03-06,2.4,,
1450,2019-03-07,2.4,,
1451,2019-03-08,2.4,,
1452,2019-03-11,2.4,,
1453,2019-03-12,2.4,,
1454,2019-03-13,2.4,,
1455,2019-03-14,2.4,,
1456,2019-03-15,2.4,,
1457,2019-03-18,2.4,,
1458,2019-03-19,2.4,,
1459,2019-03-20,2.41,,
1460,2019-03-21,2.41,,
1461,2019-03-22,2.41,,
1462,2019-03-25,2.4,,
1463,2019-03-26,2.4,,
1464,2019-03-27,2.41,,
1465,2019-03-28,2.41,,
1466,2019-03-29,2.43,,
1467,2019-04-01,2.41,,
1468,2019-04-02,2.41,,
1469,2019-04-03,2.41,,
1470,2019-04-04,2.41,,
1471,2019-04-05,2.41,,
1472,2019-04-08,2.41,,
1473,2019-04-09,2.41,,
1474,2019-04-10,2.41,,
1475,2019-04-11,2.41,,
1476,2019-04-12,2.41,,
1477,2019-04-15,2.41,,
1478,2019-04-16,2.41,,
1479,2019-04-17,2.42,,
1480,2019-04-18,2.43,,
1481,2019-04-19,2.44,,
1482,2019-04-22,2.44,,
1483,2019-04-23,2.44,,
1484,2019-04-24,2.44,,
1485,2019-04-25,2.44,,
1486,2019-04-26,2.44,,
1487,2019-04-29,2.45,,
1488,2019-04-30,2.45,,
1489,2019-05-01,2.45,,
1490,2019-05-02,2.41,,
1491,2019-05-03,2.4,,
1492,2019-05-06,2.4,,
1493,2019-05-07,2.4,,
1494,2019-05-08,2.39,,
1495,2019-05-09,2.38,,
1496,2019-05-10,2.38,,
1497,2019-05-13,2.38,,
1498,2019-05-14,2.38,,
1499,2019-05-15,2.4,,
1500,2019-05-16,2.39,,
1501,2019-05-17,2.39,,
1502,2019-05-20,2.39,,
1503,2019-05-21,2.39,,
1504,2019-05-22,2.38,,
1505,2019-05-23,2.38,,
1506,2019-05-24,2.38,,
1507,2019-05-28,2.39,,
1508,2019-05-29,2.39,,
1509,2019-05-30,2.39,,
1510,2019-05-31,2.4,,
1511,2019-06-03,2.38,,
1512,2019-06-04,2.38,,
1513,2019-06-05,2.38,,
1514,2019-06-06,2.37,,
1515,2019-06-07,2.37,,
1516,2019-06-10,2.37,,
1517,2019-06-11,2.37,,
1518,2019-06-12,2.37,,
1519,2019-06-13,2.37,,
1520,2019-06-14,2.36,,
1521,2019-06-17,2.38,,
1522,2019-06-18,2.37,,
1523,2019-06-19,2.37,,
1524,2019-06-20,2.37,,
1525,2019-06-21,2.38,,
1526,2019-06-24,2.38,,
1527,2019-06-25,2.38,,
1528,2019-06-26,2.38,,
1529,2019-06-27,2.38,,
1530,2019-06-28,2.4,,
1531,2019-07-01,2.39,,
1532,2019-07-02,2.4,,
1533,2019-07-03,2.41,,
1534,2019-07-05,2.42,,
1535,2019-07-08,2.41,,
1536,2019-07-09,2.41,,
1537,2019-07-10,2.41,,
1538,2019-07-11,2.4,,
1539,2019-07-12,2.38,,
1540,2019-07-15,2.4,,
1541,2019-07-16,2.41,,
1542,2019-07-17,2.41,,
1543,2019-07-18,2.41,,
1544,2019-07-19,2.41,,
1545,2019-07-22,2.4,,
1546,2019-07-23,2.4,,
1547,2019-07-24,2.4,,
1548,2019-07-25,2.4,,
1549,2019-07-26,2.4,,
1550,2019-07-29,2.4,,
1551,2019-07-30,2.39,,
1552,2019-07-31,2.4,,
1553,2019-08-01,2.14,,
1554,2019-08-02,2.14,,
1555,2019-08-05,2.13,,
1556,2019-08-06,2.13,,
1557,2019-08-07,2.12,,
1558,2019-08-08,2.12,,
1559,2019-08-09,2.12,,
1560,2019-08-12,2.12,,
1561,2019-08-13,2.12,,
1562,2019-08-14,2.12,,
1563,2019-08-15,2.13,,
1564,2019-08-16,2.13,,
1565,2019-08-19,2.13,,
1566,2019-08-20,2.13,,
1567,2019-08-21,2.12,,
1568,2019-08-22,2.12,,
1569,2019-08-23,2.12,,
1570,2019-08-26,2.12,,
1571,2019-08-27,2.12,,
1572,2019-08-28,2.12,,
1573,2019-08-29,2.12,,
1574,2019-08-30,2.13,,
1575,2019-09-03,2.13,,
1576,2019-09-04,2.13,,
1577,2019-09-05,2.13,,
1578,2019-09-06,2.12,,
1579,2019-09-09,2.13,,
1580,2019-09-10,2.13,,
1581,2019-09-11,2.13,,
1582,2019-09-12,2.13,,
1583,2019-09-13,2.14,,
1584,2019-09-16,2.25,,
1585,2019-09-17,2.3,,
1586,2019-09-18,2.25,,
1587,2019-09-19,1.9,,
1588,2019-09-20,1.9,,
1589,2019-09-23,1.9,,
1590,2019-09-24,1.9,,
1591,2019-09-25,1.9,,
1592,2019-09-26,1.85,,
1593,2019-09-27,1.83,,
1594,2019-09-30,1.9,,
1595,2019-10-01,1.88,,
1596,2019-10-02,1.85,,
1597,2019-10-03,1.83,,
1598,2019-10-04,1.82,,
1599,2019-10-07,1.82,,
1600,2019-10-08,1.82,,
1601,2019-10-09,1.82,,
1602,2019-10-10,1.82,,
1603,2019-10-11,1.82,,
1604,2019-10-15,1.9,,
1605,2019-10-16,1.9,,
1606,2019-10-17,1.85,,
1607,2019-10-18,1.85,,
1608,2019-10-21,1.85,,
1609,2019-10-22,1.85,,
1610,2019-10-23,1.85,,
1611,2019-10-24,1.85,,
1612,2019-10-25,1.83,,
1613,2019-10-28,1.83,,
1614,2019-10-29,1.82,,
1615,2019-10-30,1.82,,
1616,2019-10-31,1.58,,
1617,2019-11-01,1.57,,
1618,2019-11-04,1.56,,
1619,2019-11-05,1.56,,
1620,2019-11-06,1.55,,
1621,2019-11-07,1.55,,
1622,2019-11-08,1.55,,
1623,2019-11-12,1.55,,
1624,2019-11-13,1.55,,
1625,2019-11-14,1.55,,
1626,2019-11-15,1.55,,
1627,2019-11-18,1.55,,
1628,2019-11-19,1.55,,
1629,2019-11-20,1.55,,
1630,2019-11-21,1.55,,
1631,2019-11-22,1.55,,
1632,2019-11-25,1.55,,
1633,2019-11-26,1.55,,
1634,2019-11-27,1.55,,
1635,2019-11-29,1.56,,
1636,2019-12-02,1.56,,
1637,2019-12-03,1.55,,
1638,2019-12-04,1.55,,
1639,2019-12-05,1.55,,
1640,2019-12-06,1.55,,
1641,2019-12-09,1.55,,
1642,2019-12-10,1.55,,
1643,2019-12-11,1.55,,
1644,2019-12-12,1.55,,
1645,2019-12-13,1.55,,
1646,2019-12-16,1.56,,
1647,2019-12-17,1.55,,
1648,2019-12-18,1.55,,
1649,2019-12-19,1.55,,
1650,2019-12-20,1.55,,
1651,2019-12-23,1.55,,
1652,2019-12-24,1.55,,
1653,2019-12-26,1.55,,
1654,2019-12-27,1.55,,
1655,2019-12-30,1.55,,
1656,2019-12-31,1.55,,
1657,2020-01-02,1.55,,
1658,2020-01-03,1.55,,
1659,2020-01-06,1.55,,
1660,2020-01-07,1.55,,
1661,2020-01-08,1.55,,
1662,2020-01-09,1.55,,
1663,2020-01-10,1.54,,
1664,2020-01-13,1.54,,
1665,2020-01-14,1.54,,
1666,2020-01-15,1.54,,
1667,2020-01-16,1.54,,
1668,2020-01-17,1.55,,
1669,2020-01-21,1.55,,
1670,2020-01-22,1.55,,
1671,2020-01-23,1.55,,
1672,2020-01-24,1.55,,
1673,2020-01-27,1.55,,
1674,2020-01-28,1.55,,
1675,2020-01-29,1.55,,
1676,2020-01-30,1.6,,
1677,2020-01-31,1.59,,
1678,2020-02-03,1.59,,
1679,2020-02-04,1.59,,
1680,2020-02-05,1.59,,
1681,2020-02-06,1.59,,
1682,2020-02-07,1.58,,
1683,2020-02-10,1.58,,
1684,2020-02-11,1.58,,
1685,2020-02-12,1.58,,
1686,2020-02-13,1.58,,
1687,2020-02-14,1.58,,
1688,2020-02-18,1.59,,
1689,2020-02-19,1.59,,
1690,2020-02-20,1.59,,
1691,2020-02-21,1.58,,
1692,2020-02-24,1.58,,
1693,2020-02-25,1.58,,
1694,2020-02-26,1.58,,
1695,2020-02-27,1.58,,
1696,2020-02-28,1.58,,
1697,2020-03-02,1.59,,
1698,2020-03-03,1.59,,
1699,2020-03-04,1.09,,
1700,2020-03-05,1.09,,
1701,2020-03-06,1.09,,
1702,2020-03-09,1.09,,
1703,2020-03-10,1.09,,
1704,2020-03-11,1.09,,
1705,2020-03-12,1.1,,
1706,2020-03-13,1.1,,
1707,2020-03-16,0.25,,
1708,2020-03-17,0.25,,
1709,2020-03-18,0.25,,
1710,2020-03-19,0.2,,
1711,2020-03-20,0.15,,
1712,2020-03-23,0.15,,
1713,2020-03-24,0.12,,
1714,2020-03-25,0.1,,
1715,2020-03-26,0.1,,
1716,2020-03-27,0.1,,
1717,2020-03-30,0.09,,
1718,2020-03-31,0.08,,
1719,2020-04-01,0.06,,
1720,2020-04-02,0.05,,
1721,2020-04-03,0.05,,
1722,2020-04-06,0.05,,
1723,2020-04-07,0.05,,
1724,2020-04-08,0.05,,
1725,2020-04-09,0.05,,
1726,2020-04-10,0.05,,
1727,2020-04-13,0.05,,
1728,2020-04-14,0.05,,
1729,2020-04-15,0.05,,
1730,2020-04-16,0.05,,
1731,2020-04-17,0.05,,
1732,2020-04-20,0.05,,
1733,2020-04-21,0.05,,
1734,2020-04-22,0.05,,
1735,2020-04-23,0.04,,
1736,2020-04-24,0.05,,
1737,2020-04-27,0.04,,
1738,2020-04-28,0.04,,
1739,2020-04-29,0.04,,
1740,2020-04-30,0.05,,
1741,2020-05-01,0.05,,
1742,2020-05-04,0.05,,
1743,2020-05-05,0.05,,
1744,2020-05-06,0.05,,
1745,2020-05-07,0.05,,
1746,2020-05-08,0.05,,
1747,2020-05-11,0.05,,
1748,2020-05-12,0.05,,
1749,2020-05-13,0.05,,
1750,2020-05-14,0.05,,
1751,2020-05-15,0.05,,
1752,2020-05-18,0.05,,
1753,2020-05-19,0.05,,
1754,2020-05-20,0.05,,
1755,2020-05-21,0.05,,
1756,2020-05-22,0.05,,
1757,2020-05-26,0.05,,
1758,2020-05-27,0.05,,
1759,2020-05-28,0.05,,
1760,2020-05-29,0.05,,
1761,2020-06-01,0.05,,
1762,2020-06-02,0.06,,
1763,2020-06-03,0.06,,
1764,2020-06-04,0.06,,
1765,2020-06-05,0.07,,
1766,2020-06-08,0.07,,
1767,2020-06-09,0.07,,
1768,2020-06-10,0.08,,
1769,2020-06-11,0.08,,
1770,2020-06-12,0.08,,
1771,2020-06-15,0.09,,
1772,2020-06-16,0.09,,
1773,2020-06-17,0.09,,
1774,2020-06-18,0.09,,
1775,2020-06-19,0.09,,
1776,2020-06-22,0.08,,
1777,2020-06-23,0.08,,
1778,2020-06-24,0.08,,
1779,2020-06-25,0.08,,
1780,2020-06-26,0.08,,
1781,2020-06-29,0.08,,
1782,2020-06-30,0.08,,
1783,2020-07-01,0.08,,
1784,2020-07-02,0.09,,
1785,2020-07-03,0.09,,
1786,2020-07-06,0.09,,
1787,2020-07-07,0.09,,
1788,2020-07-08,0.09,,
1789,2020-07-09,0.09,,
1790,2020-07-10,0.09,,
1791,2020-07-13,0.09,,
1792,2020-07-14,0.09,,
1793,2020-07-15,0.1,,
1794,2020-07-16,0.1,,
1795,2020-07-17,0.09,,
1796,2020-07-20,0.1,,
1797,2020-07-21,0.1,,
1798,2020-07-22,0.09,,
1799,2020-07-23,0.09,,
1800,2020-07-24,0.09,,
1801,2020-07-27,0.1,,
1802,2020-07-28,0.1,,
1803,2020-07-29,0.1,,
1804,2020-07-30,0.1,,
1805,2020-07-31,0.1,,
1806,2020-08-03,0.1,,
1807,2020-08-04,0.1,,
1808,2020-08-05,0.1,,
1809,2020-08-06,0.1,,
1810,2020-08-07,0.1,,
1811,2020-08-10,0.1,,
1812,2020-08-11,0.1,,
1813,2020-08-12,0.1,,
1814,2020-08-13,0.1,,
1815,2020-08-14,0.1,,
1816,2020-08-17,0.1,,
1817,2020-08-18,0.09,,
1818,2020-08-19,0.09,,
1819,2020-08-20,0.09,,
1820,2020-08-21,0.09,,
1821,2020-08-24,0.09,,
1822,2020-08-25,0.09,,
1823,2020-08-26,0.09,,
1824,2020-08-27,0.08,,
1825,2020-08-28,0.09,,
1826,2020-08-31,0.09,,
1827,2020-09-01,0.09,,
1828,2020-09-02,0.09,,
1829,2020-09-03,0.09,,
1830,2020-09-04,0.09,,
1831,2020-09-08,0.09,,
1832,2020-09-09,0.09,,
1833,2020-09-10,0.09,,
1834,2020-09-11,0.09,,
1835,2020-09-14,0.09,,
1836,2020-09-15,0.09,,
1837,2020-09-16,0.09,,
1838,2020-09-17,0.09,,
1839,2020-09-18,0.09,,
1840,2020-09-21,0.09,,
1841,2020-09-22,0.09,,
1842,2020-09-23,0.09,,
1843,2020-09-24,0.09,,
1844,2020-09-25,0.09,,
1845,2020-09-28,0.09,,
1846,2020-09-29,0.09,,
1847,2020-09-30,0.09,,
1848,2020-10-01,0.09,,
1849,2020-10-02,0.09,,
1850,2020-10-05,0.09,,
1851,2020-10-06,0.09,,
1852,2020-10-07,0.09,,
1853,2020-10-08,0.09,,
1854,2020-10-09,0.09,,
1855,2020-10-13,0.09,,
1856,2020-10-14,0.09,,
1857,2020-10-15,0.09,,
1858,2020-10-16,0.09,,
1859,2020-10-19,0.09,,
1860,2020-10-20,0.09,,
1861,2020-10-21,0.09,,
1862,2020-10-22,0.09,,
1863,2020-10-23,0.09,,
1864,2020-10-26,0.09,,
1865,2020-10-27,0.09,,
1866,2020-10-28,0.09,,
1867,2020-10-29,0.09,,
1868,2020-10-30,0.09,,
1869,2020-11-02,0.09,,
1870,2020-11-03,0.09,,
1871,2020-11-04,0.09,,
1872,2020-11-05,0.09,,
1873,2020-11-06,0.09,,
1874,2020-11-09,0.09,,
1875,2020-11-10,0.09,,
1876,2020-11-12,0.09,,
1877,2020-11-13,0.09,,
1878,2020-11-16,0.09,,
1879,2020-11-17,0.09,,
1880,2020-11-18,0.09,,
1881,2020-11-19,0.08,,
1882,2020-11-20,0.08,,
1883,2020-11-23,0.08,,
1884,2020-11-24,0.08,,
1885,2020-11-25,0.08,,
1886,2020-11-27,0.08,,
1887,2020-11-30,0.09,,
1888,2020-12-01,0.09,,
1889,2020-12-02,0.09,,
1890,2020-12-03,0.09,,
1891,2020-12-04,0.09,,
1892,2020-12-07,0.09,,
1893,2020-12-08,0.09,,
1894,2020-12-09,0.09,,
1895,2020-12-10,0.09,,
1896,2020-12-11,0.09,,
1897,2020-12-14,0.09,,
1898,2020-12-15,0.09,,
1899,2020-12-16,0.09,,
1900,2020-12-17,0.09,,
1901,2020-12-18,0.09,,
1902,2020-12-21,0.09,,
1903,2020-12-22,0.09,,
1904,2020-12-23,0.09,,
1905,2020-12-24,0.09,,
1906,2020-12-28,0.09,,
1907,2020-12-29,0.09,,
1908,2020-12-30,0.09,,
1909,2020-12-31,0.09,,
1910,2021-01-04,0.09,,
1911,2021-01-05,0.09,,
1912,2021-01-06,0.09,,
1913,2021-01-07,0.09,,
1914,2021-01-08,0.09,,
1915,2021-01-11,0.09,,
1916,2021-01-12,0.09,,
1917,2021-01-13,0.09,,
1918,2021-01-14,0.09,,
1919,2021-01-15,0.09,,
1920,2021-01-19,0.09,,
1921,2021-01-20,0.09,,
1922,2021-01-21,0.08,,
1923,2021-01-22,0.08,,
1924,2021-01-25,0.08,,
1925,2021-01-26,0.08,,
1926,2021-01-27,0.08,,
1927,2021-01-28,0.07,,
1928,2021-01-29,0.07,,
1929,2021-02-01,0.08,,
1930,2021-02-02,0.08,,
1931,2021-02-03,0.08,,
1932,2021-02-04,0.08,,
1933,2021-02-05,0.08,,
1934,2021-02-08,0.07,,
1935,2021-02-09,0.08,,
1936,2021-02-10,0.08,,
1937,2021-02-11,0.08,,
1938,2021-02-12,0.08,,
1939,2021-02-16,0.08,,
1940,2021-02-17,0.08,,
1941,2021-02-18,0.07,,
1942,2021-02-19,0.07,,
1943,2021-02-22,0.07,,
1944,2021-02-23,0.07,,
1945,2021-02-24,0.07,,
1946,2021-02-25,0.07,,
1947,2021-02-26,0.07,,
1948,2021-03-01,0.07,,
1949,2021-03-02,0.07,,
1950,2021-03-03,0.07,,
1951,2021-03-04,0.07,,
1952,2021-03-05,0.07,,
1953,2021-03-08,0.07,,
1954,2021-03-09,0.07,,
1955,2021-03-10,0.07,,
1956,2021-03-11,0.07,,
1957,2021-03-12,0.07,,
1958,2021-03-15,0.07,,
1959,2021-03-16,0.07,,
1960,2021-03-17,0.07,,
1961,2021-03-18,0.07,,
1962,2021-03-19,0.07,,
1963,2021-03-22,0.07,,
1964,2021-03-23,0.07,,
1965,2021-03-24,0.07,,
1966,2021-03-25,0.07,,
1967,2021-03-26,0.07,,
1968,2021-03-29,0.07,,
1969,2021-03-30,0.07,,
1970,2021-03-31,0.06,,
1971,2021-04-01,0.07,,
1972,2021-04-02,0.07,,
1973,2021-04-05,0.07,,
1974,2021-04-06,0.07,,
1975,2021-04-07,0.07,,
1976,2021-04-08,0.07,,
1977,2021-04-09,0.07,,
1978,2021-04-12,0.07,,
1979,2021-04-13,0.07,,
1980,2021-04-14,0.07,,
1981,2021-04-15,0.07,,
1982,2021-04-16,0.07,,
1983,2021-04-19,0.07,,
1984,2021-04-20,0.07,,
1985,2021-04-21,0.07,,
1986,2021-04-22,0.07,,
1987,2021-04-23,0.07,,
1988,2021-04-26,0.07,,
1989,2021-04-27,0.07,,
1990,2021-04-28,0.07,,
1991,2021-04-29,0.06,,
1992,2021-04-30,0.05,,
1993,2021-05-03,0.06,,
1994,2021-05-04,0.06,,
1995,2021-05-05,0.06,,
1996,2021-05-06,0.06,,
1997,2021-05-07,0.06,,
1998,2021-05-10,0.06,,
1999,2021-05-11,0.06,,
2000,2021-05-12,0.06,,
2001,2021-05-13,0.06,,
2002,2021-05-14,0.06,,
2003,2021-05-17,0.06,,
2004,2021-05-18,0.06,,
2005,2021-05-19,0.06,,
2006,2021-05-20,0.06,,
2007,2021-05-21,0.06,,
2008,2021-05-24,0.06,,
2009,2021-05-25,0.06,,
2010,2021-05-26,0.06,,
2011,2021-05-27,0.06,,
2012,2021-05-28,0.05,,
2013,2021-06-01,0.06,,
2014,2021-06-02,0.06,,
2015,2021-06-03,0.06,,
2016,2021-06-04,0.06,,
2017,2021-06-07,0.06,,
2018,2021-06-08,0.06,,
2019,2021-06-09,0.06,,
2020,2021-06-10,0.06,,
2021,2021-06-11,0.06,,
2022,2021-06-14,0.06,,
2023,2021-06-15,0.06,,
2024,2021-06-16,0.06,,
2025,2021-06-17,0.1,,
2026,2021-06-18,0.1,,
2027,2021-06-21,0.1,,
2028,2021-06-22,0.1,,
2029,2021-06-23,0.1,,
2030,2021-06-24,0.1,,
2031,2021-06-25,0.1,,
2032,2021-06-28,0.1,,
2033,2021-06-29,0.1,,
2034,2021-06-30,0.08,,
2035,2021-07-01,0.1,,
2036,2021-07-02,0.1,,
2037,2021-07-06,0.1,,
2038,2021-07-07,0.1,,
2039,2021-07-08,0.1,,
2040,2021-07-09,0.1,,
2041,2021-07-12,0.1,,
2042,2021-07-13,0.1,,
2043,2021-07-14,0.1,,
2044,2021-07-15,0.1,,
2045,2021-07-16,0.1,,
2046,2021-07-19,0.1,,
2047,2021-07-20,0.1,,
2048,2021-07-21,0.1,,
2049,2021-07-22,0.1,,
2050,2021-07-23,0.1,,
2051,2021-07-26,0.1,,
2052,2021-07-27,0.1,,
2053,2021-07-28,0.1,,
2054,2021-07-29,0.1,,
2055,2021-07-30,0.07,,
2056,2021-08-02,0.1,,
2057,2021-08-03,0.1,,
2058,2021-08-04,0.1,,
2059,2021-08-05,0.1,,
2060,2021-08-06,0.1,,
2061,2021-08-09,0.1,,
2062,2021-08-10,0.1,,
2063,2021-08-11,0.1,,
2064,2021-08-12,0.1,,
2065,2021-08-13,0.1,,
2066,2021-08-16,0.1,,
2067,2021-08-17,0.1,,
2068,2021-08-18,0.09,,
2069,2021-08-19,0.09,,
2070,2021-08-20,0.09,,
2071,2021-08-23,0.09,,
2072,2021-08-24,0.09,,
2073,2021-08-25,0.09,,
2074,2021-08-26,0.09,,
2075,2021-08-27,0.08,,
2076,2021-08-30,0.08,,
2077,2021-08-31,0.06,,
2078,2021-09-01,0.08,,
2079,2021-09-02,0.08,,
2080,2021-09-03,0.08,,
2081,2021-09-07,0.08,,
2082,2021-09-08,0.08,,
2083,2021-09-09,0.08,,
2084,2021-09-10,0.08,,
2085,2021-09-13,0.08,,
2086,2021-09-14,0.08,,
2087,2021-09-15,0.08,,
2088,2021-09-16,0.08,,
2089,2021-09-17,0.08,,
2090,2021-09-20,0.08,,
2091,2021-09-21,0.08,,
2092,2021-09-22,0.08,,
2093,2021-09-23,0.08,,
2094,2021-09-24,0.08,,
2095,2021-09-27,0.08,,
2096,2021-09-28,0.08,,
2097,2021-09-29,0.08,,
2098,2021-09-30,0.06,,
2099,2021-10-01,0.08,,
2100,2021-10-04,0.08,,
2101,2021-10-05,0.08,,
2102,2021-10-06,0.08,,
2103,2021-10-07,0.08,,
2104,2021-10-08,0.08,,
2105,2021-10-12,0.08,,
2106,2021-10-13,0.08,,
2107,2021-10-14,0.08,,
2108,2021-10-15,0.08,,
2109,2021-10-18,0.08,,
2110,2021-10-19,0.08,,
2111,2021-10-20,0.08,,
2112,2021-10-21,0.08,,
2113,2021-10-22,0.08,,
2114,2021-10-25,0.08,,
2115,2021-10-26,0.08,,
2116,2021-10-27,0.08,,
2117,2021-10-28,0.08,,
2118,2021-10-29,0.07,,
2119,2021-11-01,0.08,,
2120,2021-11-02,0.08,,
2121,2021-11-03,0.08,,
2122,2021-11-04,0.08,,
2123,2021-11-05,0.08,,
2124,2021-11-08,0.08,,
2125,2021-11-09,0.08,,
2126,2021-11-10,0.08,,
2127,2021-11-12,0.08,,
2128,2021-11-15,0.08,,
2129,2021-11-16,0.08,,
2130,2021-11-17,0.08,,
2131,2021-11-18,0.08,,
2132,2021-11-19,0.08,,
2133,2021-11-22,0.08,,
2134,2021-11-23,0.08,,
2135,2021-11-24,0.08,,
2136,2021-11-26,0.08,,
2137,2021-11-29,0.08,,
2138,2021-11-30,0.07,,
2139,2021-12-01,0.08,,
2140,2021-12-02,0.08,,
2141,2021-12-03,0.08,,
2142,2021-12-06,0.08,,
2143,2021-12-07,0.08,,
2144,2021-12-08,0.08,,
2145,2021-12-09,0.08,,
2146,2021-12-10,0.08,,
2147,2021-12-13,0.08,,
2148,2021-12-14,0.08,,
2149,2021-12-15,0.08,,
2150,2021-12-16,0.08,,
2151,2021-12-17,0.08,,
2152,2021-12-20,0.08,,
2153,2021-12-21,0.08,,
2154,2021-12-22,0.08,,
2155,2021-12-23,0.08,,
2156,2021-12-24,0.08,,
2157,2021-12-27,0.08,,
2158,2021-12-28,0.08,,
2159,2021-12-29,0.08,,
2160,2021-12-30,0.08,,
2161,2021-12-31,0.07,,
2162,2022-01-03,0.08,,
2163,2022-01-04,0.08,,
2164,2022-01-05,0.08,,
2165,2022-01-06,0.08,,
2166,2022-01-07,0.08,,
2167,2022-01-10,0.08,,
2168,2022-01-11,0.08,,
2169,2022-01-12,0.08,,
2170,2022-01-13,0.08,,
2171,2022-01-14,0.08,,
2172,2022-01-18,0.08,,
2173,2022-01-19,0.08,,
2174,2022-01-20,0.08,,
2175,2022-01-21,0.08,,
2176,2022-01-24,0.08,,
2177,2022-01-25,0.08,,
2178,2022-01-26,0.08,,
2179,2022-01-27,0.08,,
2180,2022-01-28,0.08,,
2181,2022-01-31,0.08,,
2182,2022-02-01,0.08,,
2183,2022-02-02,0.08,,
2184,2022-02-03,0.08,,
2185,2022-02-04,0.08,,
2186,2022-02-07,0.08,,
2187,2022-02-08,0.08,,
2188,2022-02-09,0.08,,
2189,2022-02-10,0.08,,
2190,2022-02-11,0.08,,
2191,2022-02-14,0.08,,
2192,2022-02-15,0.08,,
2193,2022-02-16,0.08,,
2194,2022-02-17,0.08,,
2195,2022-02-18,0.08,,
2196,2022-02-22,0.08,,
2197,2022-02-23,0.08,,
2198,2022-02-24,0.08,,
2199,2022-02-25,0.08,,
2200,2022-02-28,0.08,,
2201,2022-03-01,0.08,,
2202,2022-03-02,0.08,,
2203,2022-03-03,0.08,,
2204,2022-03-04,0.08,,
2205,2022-03-07,0.08,,
2206,2022-03-08,0.08,,
2207,2022-03-09,0.08,,
2208,2022-03-10,0.08,,
2209,2022-03-11,0.08,,
2210,2022-03-14,0.08,,
2211,2022-03-15,0.08,,
2212,2022-03-16,0.08,,
2213,2022-03-17,0.33,,
2214,2022-03-18,0.33,,
2215,2022-03-21,0.33,,
2216,2022-03-22,0.33,,
2217,2022-03-23,0.33,,
2218,2022-03-24,0.33,,
2219,2022-03-25,0.33,,
2220,2022-03-28,0.33,,
2221,2022-03-29,0.33,,
2222,2022-03-30,0.33,,
2223,2022-03-31,0.33,,
2224,2022-04-01,0.33,,
2225,2022-04-04,0.33,,
2226,2022-04-05,0.33,,
2227,2022-04-06,0.33,,
2228,2022-04-07,0.33,,
2229,2022-04-08,0.33,,
2230,2022-04-11,0.33,,
2231,2022-04-12,0.33,,
2232,2022-04-13,0.33,,
2233,2022-04-14,0.33,,
2234,2022-04-15,0.33,,
2235,2022-04-18,0.33,,
2236,2022-04-19,0.33,,
2237,2022-04-20,0.33,,
2238,2022-04-21,0.33,,
2239,2022-04-22,0.33,,
2240,2022-04-25,0.33,,
2241,2022-04-26,0.33,,
2242,2022-04-27,0.33,,
2243,2022-04-28,0.33,,
2244,2022-04-29,0.33,,
2245,2022-05-02,0.33,,
2246,2022-05-03,0.33,,
2247,2022-05-04,0.33,,
2248,2022-05-05,0.83,,
2249,2022-05-06,0.83,,
2250,2022-05-09,0.83,,
2251,2022-05-10,0.83,,
2252,2022-05-11,0.83,,
2253,2022-05-12,0.83,,
2254,2022-05-13,0.83,,
2255,2022-05-16,0.83,,
2256,2022-05-17,0.83,,
2257,2022-05-18,0.83,,
2258,2022-05-19,0.83,,
2259,2022-05-20,0.83,,
2260,2022-05-23,0.83,,
2261,2022-05-24,0.83,,
2262,2022-05-25,0.83,,
2263,2022-05-26,0.83,,
2264,2022-05-27,0.83,,
2265,2022-05-31,0.83,,
2266,2022-06-01,0.83,,
2267,2022-06-02,0.83,,
2268,2022-06-03,0.83,,
2269,2022-06-06,0.83,,
2270,2022-06-07,0.83,,
2271,2022-06-08,0.83,,
2272,2022-06-09,0.83,,
2273,2022-06-10,0.83,,
2274,2022-06-13,0.83,,
2275,2022-06-14,0.83,,
2276,2022-06-15,0.83,,
2277,2022-06-16,1.58,,
2278,2022-06-17,1.58,,
2279,2022-06-21,1.58,,
2280,2022-06-22,1.58,,
2281,2022-06-23,1.58,,
2282,2022-06-24,1.58,,
2283,2022-06-27,1.58,,
2284,2022-06-28,1.58,,
2285,2022-06-29,1.58,,
2286,2022-06-30,1.58,,
2287,2022-07-01,1.58,,
2288,2022-07-05,1.58,,
2289,2022-07-06,1.58,,
2290,2022-07-07,1.58,,
2291,2022-07-08,1.58,,
2292,2022-07-11,1.58,,
2293,2022-07-12,1.58,,
2294,2022-07-13,1.58,,
2295,2022-07-14,1.58,,
2296,2022-07-15,1.58,,
2297,2022-07-18,1.58,,
2298,2022-07-19,1.58,,
2299,2022-07-20,1.58,,
2300,2022-07-21,1.58,,
2301,2022-07-22,1.58,,
2302,2022-07-25,1.58,,
2303,2022-07-26,1.58,,
2304,2022-07-27,1.58,,
2305,2022-07-28,2.33,,
2306,2022-07-29,2.32,,
2307,2022-08-01,2.33,,
2308,2022-08-02,2.33,,
2309,2022-08-03,2.33,,
2310,2022-08-04,2.33,,
2311,2022-08-05,2.33,,
2312,2022-08-08,2.33,,
2313,2022-08-09,2.33,,
2314,2022-08-10,2.33,,
2315,2022-08-11,2.33,,
2316,2022-08-12,2.33,,
2317,2022-08-15,2.33,,
2318,2022-08-16,2.33,,
2319,2022-08-17,2.33,,
2320,2022-08-18,2.33,,
2321,2022-08-19,2.33,,
2322,2022-08-22,2.33,,
2323,2022-08-23,2.33,,
2324,2022-08-24,2.33,,
2325,2022-08-25,2.33,,
2326,2022-08-26,2.33,,
2327,2022-08-29,2.33,,
2328,2022-08-30,2.33,,
2329,2022-08-31,2.33,,
2330,2022-09-01,2.33,,
2331,2022-09-02,2.33,,
2332,2022-09-06,2.33,,
2333,2022-09-07,2.33,,
2334,2022-09-08,2.33,,
2335,2022-09-09,2.33,,
2336,2022-09-12,2.33,,
2337,2022-09-13,2.33,,
2338,2022-09-14,2.33,,
2339,2022-09-15,2.33,,
2340,2022-09-16,2.33,,
2341,2022-09-19,2.33,,
2342,2022-09-20,2.33,,
2343,2022-09-21,2.33,,
2344,2022-09-22,3.08,,
2345,2022-09-23,3.08,,
2346,2022-09-26,3.08,,
2347,2022-09-27,3.08,,
2348,2022-09-28,3.08,,
2349,2022-09-29,3.08,,
2350,2022-09-30,3.08,,
2351,2022-10-03,3.08,,
2352,2022-10-04,3.08,,
2353,2022-10-05,3.08,,
2354,2022-10-06,3.08,,
2355,2022-10-07,3.08,,
2356,2022-10-11,3.08,,
2357,2022-10-12,3.08,,
2358,2022-10-13,3.08,,
2359,2022-10-14,3.08,,
2360,2022-10-17,3.08,,
2361,2022-10-18,3.08,,
2362,2022-10-19,3.08,,
2363,2022-10-20,3.08,,
2364,2022-10-21,3.08,,
2365,2022-10-24,3.08,,
2366,2022-10-25,3.08,,
2367,2022-10-26,3.08,,
2368,2022-10-27,3.08,,
2369,2022-10-28,3.08,,
2370,2022-10-31,3.08,,
2371,2022-11-01,3.08,,
2372,2022-11-02,3.08,,
2373,2022-11-03,3.83,,
2374,2022-11-04,3.83,,
2375,2022-11-07,3.83,,
2376,2022-11-08,3.83,,
2377,2022-11-09,3.83,,
2378,2022-11-10,3.83,,
2379,2022-11-14,3.83,,
2380,2022-11-15,3.83,,
2381,2022-11-16,3.83,,
2382,2022-11-17,3.83,,
2383,2022-11-18,3.83,,
2384,2022-11-21,3.83,,
2385,2022-11-22,3.83,,
2386,2022-11-23,3.83,,
2387,2022-11-25,3.83,,
2388,2022-11-28,3.83,,
2389,2022-11-29,3.83,,
2390,2022-11-30,3.83,,
2391,2022-12-01,3.83,,
2392,2022-12-02,3.83,,
2393,2022-12-05,3.83,,
2394,2022-12-06,3.83,,
2395,2022-12-07,3.83,,
2396,2022-12-08,3.83,,
2397,2022-12-09,3.83,,
2398,2022-12-12,3.83,,
2399,2022-12-13,3.83,,
2400,2022-12-14,3.83,,
2401,2022-12-15,4.33,,
2402,2022-12-16,4.33,,
2403,2022-12-19,4.33,,
2404,2022-12-20,4.33,,
2405,2022-12-21,4.33,,
2406,2022-12-22,4.33,,
2407,2022-12-23,4.33,,
2408,2022-12-27,4.33,,
2409,2022-12-28,4.33,,
2410,2022-12-29,4.33,,
2411,2022-12-30,4.33,,
2412,2023-01-03,4.33,,
2413,2023-01-04,4.33,,
2414,2023-01-05,4.33,,
2415,2023-01-06,4.33,,
2416,2023-01-09,4.33,,
2417,2023-01-10,4.33,,
2418,2023-01-11,4.33,,
2419,2023-01-12,4.33,,
2420,2023-01-13,4.33,,
2421,2023-01-17,4.33,,
2422,2023-01-18,4.33,,
2423,2023-01-19,4.33,,
2424,2023-01-20,4.33,,
2425,2023-01-23,4.33,,
2426,2023-01-24,4.33,,
2427,2023-01-25,4.33,,
2428,2023-01-26,4.33,,
2429,2023-01-27,4.33,,
2430,2023-01-30,4.33,,
2431,2023-01-31,4.33,,
2432,2023-02-01,4.33,,
2433,2023-02-02,4.58,,
2434,2023-02-03,4.58,,
2435,2023-02-06,4.58,,
2436,2023-02-07,4.58,,
2437,2023-02-08,4.58,,
2438,2023-02-09,4.57,,
2439,2023-02-10,4.58,,
2440,2023-02-13,4.58,,
2441,2023-02-14,4.58,,
2442,2023-02-15,4.58,,
2443,2023-02-16,4.58,,
2444,2023-02-17,4.58,,
2445,2023-02-21,4.58,,
2446,2023-02-22,4.58,,
2447,2023-02-23,4.58,,
2448,2023-02-24,4.58,,
2449,2023-02-27,4.57,,
2450,2023-02-28,4.57,,
2451,2023-03-01,4.58,,
2452,2023-03-02,4.57,,
2453,2023-03-03,4.57,,
2454,2023-03-06,4.57,,
2455,2023-03-07,4.57,,
2456,2023-03-08,4.57,,
2457,2023-03-09,4.57,,
2458,2023-03-10,4.57,,
2459,2023-03-13,4.58,,
2460,2023-03-14,4.58,,
2461,2023-03-15,4.58,,
2462,2023-03-16,4.58,,
2463,2023-03-17,4.58,,
2464,2023-03-20,4.58,,
2465,2023-03-21,4.58,,
2466,2023-03-22,4.58,,
2467,2023-03-23,4.83,,
2468,2023-03-24,4.83,,
2469,2023-03-27,4.83,,
2470,2023-03-28,4.83,,
2471,2023-03-29,4.83,,
2472,2023-03-30,4.83,,
2473,2023-03-31,4.83,,
2474,2023-04-03,4.83,,
2475,2023-04-04,4.83,,
2476,2023-04-05,4.83,,
2477,2023-04-06,4.83,,
2478,2023-04-07,4.83,,
2479,2023-04-10,4.83,,
2480,2023-04-11,4.83,,
2481,2023-04-12,4.83,,
2482,2023-04-13,4.83,,
2483,2023-04-14,4.83,,
2484,2023-04-17,4.83,,
2485,2023-04-18,4.83,,
2486,2023-04-19,4.83,,
2487,2023-04-20,4.83,,
2488,2023-04-21,4.83,,
2489,2023-04-24,4.83,,
2490,2023-04-25,4.83,,
2491,2023-04-26,4.83,,
2492,2023-04-27,4.83,,
2493,2023-04-28,4.83,,
2494,2023-05-01,4.83,,
2495,2023-05-02,4.83,,
2496,2023-05-03,4.83,,
2497,2023-05-04,5.08,,
2498,2023-05-05,5.08,,
2499,2023-05-08,5.08,,
2500,2023-05-09,5.08,,
2501,2023-05-10,5.08,,
2502,2023-05-11,5.08,,
2503,2023-05-12,5.08,,
2504,2023-05-15,5.08,,
2505,2023-05-16,5.08,,
2506,2023-05-17,5.08,,
2507,2023-05-18,5.08,,
2508,2023-05-19,5.08,,
2509,2023-05-22,5.08,,
2510,2023-05-23,5.08,,
2511,2023-05-24,5.08,,
2512,2023-05-25,5.08,,
2513,2023-05-26,5.08,,
2514,2023-05-30,5.08,,
2515,2023-05-31,5.08,,
2516,2023-06-01,5.08,,
2517,2023-06-02,5.08,,
2518,2023-06-05,5.08,,
2519,2023-06-06,5.08,,
2520,2023-06-07,5.08,,
2521,2023-06-08,5.08,,
2522,2023-06-09,5.08,,
2523,2023-06-12,5.08,,
2524,2023-06-13,5.08,,
2525,2023-06-14,5.08,,
2526,2023-06-15,5.07,,
2527,2023-06-16,5.08,,
2528,2023-06-20,5.07,,
2529,2023-06-21,5.07,,
2530,2023-06-22,5.07,,
2531,2023-06-23,5.07,,
2532,2023-06-26,5.07,,
2533,2023-06-27,5.07,,
2534,2023-06-28,5.07,,
2535,2023-06-29,5.07,,
2536,2023-06-30,5.08,,
2537,2023-07-03,5.08,,
2538,2023-07-05,5.08,,
2539,2023-07-06,5.08,,
2540,2023-07-07,5.08,,
2541,2023-07-10,5.07,,
2542,2023-07-11,5.08,,
2543,2023-07-12,5.08,,
2544,2023-07-13,5.08,,
2545,2023-07-14,5.08,,
2546,2023-07-17,5.08,,
2547,2023-07-18,5.08,,
2548,2023-07-19,5.08,,
2549,2023-07-20,5.08,,
2550,2023-07-21,5.08,,
2551,2023-07-24,5.08,,
2552,2023-07-25,5.08,,
2553,2023-07-26,5.08,,
2554,2023-07-27,5.33,,
2555,2023-07-28,5.33,,
2556,2023-07-31,5.33,,
2557,2023-08-01,5.33,,
2558,2023-08-02,5.33,,
2559,2023-08-03,5.33,,
2560,2023-08-04,5.33,,
2561,2023-08-07,5.33,,
2562,2023-08-08,5.33,,
2563,2023-08-09,5.33,,
2564,2023-08-10,5.33,,
2565,2023-08-11,5.33,,
2566,2023-08-14,5.33,,
2567,2023-08-15,5.33,,
2568,2023-08-16,5.33,,
2569,2023-08-17,5.33,,
2570,2023-08-18,5.33,,
2571,2023-08-21,5.33,,
2572,2023-08-22,5.33,,
2573,2023-08-23,5.33,,
2574,2023-08-24,5.33,,
2575,2023-08-25,5.33,,
2576,2023-08-28,5.33,,
2577,2023-08-29,5.33,,
2578,2023-08-30,5.33,,
2579,2023-08-31,5.33,,
2580,2023-09-01,5.33,,
2581,2023-09-05,5.33,,
2582,2023-09-06,5.33,,
2583,2023-09-07,5.33,,
2584,2023-09-08,5.33,,
2585,2023-09-11,5.33,,
2586,2023-09-12,5.33,,
2587,2023-09-13,5.33,,
2588,2023-09-14,5.33,,
2589,2023-09-15,5.33,,
2590,2023-09-18,5.33,,
2591,2023-09-19,5.33,,
2592,2023-09-20,5.33,,
2593,2023-09-21,5.33,,
2594,2023-09-22,5.33,,
2595,2023-09-25,5.33,,
2596,2023-09-26,5.33,,
2597,2023-09-27,5.33,,
2598,2023-09-28,5.33,,
2599,2023-09-29,5.33,,
2600,2023-10-02,5.33,,
2601,2023-10-03,5.33,,
2602,2023-10-04,5.33,,
2603,2023-10-05,5.33,,
2604,2023-10-06,5.33,,
2605,2023-10-10,5.33,,
2606,2023-10-11,5.33,,
2607,2023-10-12,5.33,,
2608,2023-10-13,5.33,,
2609,2023-10-16,5.33,,
2610,2023-10-17,5.33,,
2611,2023-10-18,5.33,,
2612,2023-10-19,5.33,,
2613,2023-10-20,5.33,,
2614,2023-10-23,5.33,,
2615,2023-10-24,5.33,,
2616,2023-10-25,5.33,,
2617,2023-10-26,5.33,,
2618,2023-10-27,5.33,,
2619,2023-10-30,5.33,,
2620,2023-10-31,5.33,,
2621,2023-11-01,5.33,,
2622,2023-11-02,5.33,,
2623,2023-11-03,5.33,,
2624,2023-11-06,5.33,,
2625,2023-11-07,5.33,,
2626,2023-11-08,5.33,,
2627,2023-11-09,5.33,,
2628,2023-11-10,5.33,,
2629,2023-11-13,5.33,,
2630,2023-11-14,5.33,,
2631,2023-11-15,5.33,,
2632,2023-11-16,5.33,,
2633,2023-11-17,5.33,,
2634,2023-11-20,5.33,,
2635,2023-11-21,5.33,,
2636,2023-11-22,5.33,,
2637,2023-11-24,5.33,,
2638,2023-11-27,5.33,,
2639,2023-11-28,5.33,,
2640,2023-11-29,5.33,,
2641,2023-11-30,5.33,,
2642,2023-12-01,5.33,,
2643,2023-12-04,5.33,,
2644,2023-12-05,5.33,,
2645,2023-12-06,5.33,,
2646,2023-12-07,5.33,,
2647,2023-12-08,5.33,,
2648,2023-12-11,5.33,,
2649,2023-12-12,5.33,,
2650,2023-12-13,5.33,,
2651,2023-12-14,5.33,,
2652,2023-12-15,5.33,,
2653,2023-12-18,5.33,,
2654,2023-12-19,5.33,,
2655,2023-12-20,5.33,,
2656,2023-12-21,5.33,,
2657,2023-12-22,5.33,,
2658,2023-12-26,5.33,,
2659,2023-12-27,5.33,,
2660,2023-12-28,5.33,,
2661,2023-12-29,5.33,,
2662,2024-01-02,5.33,,
2663,2024-01-03,5.33,,
2664,2024-01-04,5.33,,
2665,2024-01-05,5.33,,
2666,2024-01-08,5.33,,
2667,2024-01-09,5.33,,
2668,2024-01-10,5.33,,
2669,2024-01-11,5.33,,
2670,2024-01-12,5.33,,
2671,2024-01-16,5.33,,
2672,2024-01-17,5.33,,
2673,2024-01-18,5.33,,
2674,2024-01-19,5.33,,
2675,2024-01-22,5.33,,
2676,2024-01-23,5.33,,
2677,2024-01-24,5.33,,
2678,2024-01-25,5.33,,
2679,2024-01-26,5.33,,
2680,2024-01-29,5.33,,
2681,2024-01-30,5.33,,
2682,2024-01-31,5.33,,
2683,2024-02-01,5.33,,
2684,2024-02-02,5.33,,
2685,2024-02-05,5.33,,
2686,2024-02-06,5.33,,
2687,2024-02-07,5.33,,
2688,2024-02-08,5.33,,
2689,2024-02-09,5.33,,
2690,2024-02-12,5.33,,
2691,2024-02-13,5.33,,
2692,2024-02-14,5.33,,
2693,2024-02-15,5.33,,
2694,2024-02-16,5.33,,
2695,2024-02-20,5.33,,
2696,2024-02-21,5.33,,
2697,2024-02-22,5.33,,
2698,2024-02-23,5.33,,
2699,2024-02-26,5.33,,
2700,2024-02-27,5.33,,
2701,2024-02-28,5.33,,
2702,2024-02-29,5.33,,
2703,2024-03-01,5.33,,
2704,2024-03-04,5.33,,
2705,2024-03-05,5.33,,
2706,2024-03-06,5.33,,
2707,2024-03-07,5.33,,
2708,2024-03-08,5.33,,
2709,2024-03-11,5.33,,
2710,2024-03-12,5.33,,
2711,2024-03-13,5.33,,
2712,2024-03-14,5.33,,
2713,2024-03-15,5.33,,
2714,2024-03-18,5.33,,
2715,2024-03-19,5.33,,
2716,2024-03-20,5.33,,
2717,2024-03-21,5.33,,
2718,2024-03-22,5.33,,
2719,2024-03-25,5.33,,
2720,2024-03-26,5.33,,
2721,2024-03-27,5.33,,
2722,2024-03-28,5.33,,
2723,2024-03-29,5.33,,
2724,2024-04-01,5.33,,
2725,2024-04-02,5.33,,
2726,2024-04-03,5.33,,
2727,2024-04-04,5.33,,
2728,2024-04-05,5.33,,
2729,2024-04-08,5.33,,
2730,2024-04-09,5.33,,
2731,2024-04-10,5.33,,
2732,2024-04-11,5.33,,
2733,2024-04-12,5.33,,
2734,2024-04-15,5.33,,
2735,2024-04-16,5.33,,
2736,2024-04-17,5.33,,
2737,2024-04-18,5.33,,
2738,2024-04-19,5.33,,
2739,2024-04-22,5.33,,
2740,2024-04-23,5.33,,
2741,2024-04-24,5.33,,
2742,2024-04-25,5.33,,
2743,2024-04-26,5.33,,
2744,2024-04-29,5.33,,
2745,2024-04-30,5.33,,
2746,2024-05-01,5.33,,
2747,2024-05-02,5.33,,
2748,2024-05-03,5.33,,
2749,2024-05-06,5.33,,
2750,2024-05-07,5.33,,
2751,2024-05-08,5.33,,
2752,2024-05-09,5.33,,
2753,2024-05-10,5.33,,
2754,2024-05-13,5.33,,
2755,2024-05-14,5.33,,
2756,2024-05-15,5.33,,
2757,2024-05-16,5.33,,
2758,2024-05-17,5.33,,
2759,2024-05-20,5.33,,
2760,2024-05-21,5.33,,
2761,2024-05-22,5.33,,
2762,2024-05-23,5.33,,
2763,2024-05-24,5.33,,
2764,2024-05-28,5.33,,
2765,2024-05-29,5.33,,
2766,2024-05-30,5.33,,
2767,2024-05-31,5.33,,
2768,2024-06-03,5.33,,
2769,2024-06-04,5.33,,
2770,2024-06-05,5.33,,
2771,2024-06-06,5.33,,
2772,2024-06-07,5.33,,
2773,2024-06-10,5.33,,
2774,2024-06-11,5.33,,
2775,2024-06-12,5.33,,
2776,2024-06-13,5.33,,
2777,2024-06-14,5.33,,
2778,2024-06-17,5.33,,
2779,2024-06-18,5.33,,
2780,2024-06-20,5.33,,
2781,2024-06-21,5.33,,
2782,2024-06-24,5.33,,
2783,2024-06-25,5.33,,
2784,2024-06-26,5.33,,
2785,2024-06-27,5.33,,
2786,2024-06-28,5.33,,
2787,2024-07-01,5.33,,
2788,2024-07-02,5.33,,
2789,2024-07-03,5.33,,
2790,2024-07-05,5.33,,
2791,2024-07-08,5.33,,
2792,2024-07-09,5.33,,
2793,2024-07-10,5.33,,
2794,2024-07-11,5.33,,
2795,2024-07-12,5.33,,
2796,2024-07-15,5.33,,
2797,2024-07-16,5.33,,
2798,2024-07-17,5.33,,
2799,2024-07-18,5.33,,
2800,2024-07-19,5.33,,
2801,2024-07-22,5.33,,
2802,2024-07-23,5.33,,
2803,2024-07-24,5.33,,
2804,2024-07-25,5.33,,
2805,2024-07-26,5.33,,
2806,2024-07-29,5.33,,
2807,2024-07-30,5.33,,
2808,2024-07-31,5.33,,
2809,2024-08-01,5.33,,
2810,2024-08-02,5.33,,
2811,2024-08-05,5.33,,
2812,2024-08-06,5.33,,
2813,2024-08-07,5.33,,
2814,2024-08-08,5.33,,
2815,2024-08-09,5.33,,
2816,2024-08-12,5.33,,
2817,2024-08-13,5.33,,
2818,2024-08-14,5.33,,
2819,2024-08-15,5.33,,
2820,2024-08-16,5.33,,
2821,2024-08-19,5.33,,
2822,2024-08-20,5.33,,
2823,2024-08-21,5.33,,
2824,2024-08-22,5.33,,
2825,2024-08-23,5.33,,
2826,2024-08-26,5.33,,
2827,2024-08-27,5.33,,
2828,2024-08-28,5.33,,
2829,2024-08-29,5.33,,
2830,2024-08-30,5.33,,
2831,2024-09-03,5.33,,
2832,2024-09-04,5.33,,
2833,2024-09-05,5.33,,
2834,2024-09-06,5.33,,
2835,2024-09-09,5.33,,
2836,2024-09-10,5.33,,
2837,2024-09-11,5.33,,
2838,2024-09-12,5.33,,
2839,2024-09-13,5.33,,
2840,2024-09-16,5.33,,
