,Date,Open,High,Low,Close,Adj Close,Volume,Effective Federal Funds Rate,Inflation Rate
0,1962-01-01,0.0,3.5535120964050293,3.4489970207214355,3.4751250743865967,0.5709767937660217,254509.0,2.15,1.3
1,1962-02-01,0.0,3.573107957839966,3.435931921005249,3.5535120964050293,0.5838567018508911,319571.0,2.37,1.3
2,1962-03-01,0.0,3.520850896835327,3.4489970207214355,3.4751250743865967,0.5727059245109558,139693.0,2.85,1.6
3,1962-04-01,0.0,3.6514949798583984,3.625365972518921,3.644962072372437,0.6006947755813599,116730.0,2.78,1.3
4,1962-05-01,0.0,3.422868013381958,3.2922239303588867,3.403270959854126,0.5608639121055603,359757.0,2.36,1.6
5,1962-06-01,0.0,2.9460179805755615,2.7761809825897217,2.7761809825897217,0.4575187563896179,694637.0,2.68,1.6
6,1962-07-01,0.0,2.5279579162597656,2.4430389404296875,2.514893054962158,0.4144580066204071,195187.0,2.71,1.3
7,1962-08-01,0.0,2.639004945755005,2.58674693107605,2.5998120307922363,0.4284525215625763,177965.0,2.93,1.3
8,1962-09-01,0.0,2.8610990047454834,2.7761809825897217,2.7957780361175537,0.4624571800231933,193274.0,2.9,1.3
9,1962-10-01,0.0,2.554086923599243,2.4626359939575195,2.4626359939575195,0.4073514938354492,225805.0,2.9,1.3
10,1962-11-01,0.0,2.5475540161132812,2.449570894241333,2.5410220623016357,0.4203177988529205,451610.0,2.94,1.3
11,1962-12-01,0.0,2.8676319122314453,2.802309989929199,2.8284389972686768,0.4696578681468963,174138.0,2.93,1.3
12,1963-01-01,0.0,2.7957780361175537,2.743520021438598,2.7565839290618896,0.4577260911464691,132038.0,2.92,1.0
13,1963-02-01,0.0,3.1485159397125244,3.122386932373047,3.141983985900879,0.5217214226722717,78458.0,3.0,1.0
14,1963-03-01,0.0,3.057065010070801,2.939486026763916,2.9590818881988525,0.4931888282299042,168397.0,2.98,1.0
15,1963-04-01,0.0,3.1027910709381104,3.0635969638824463,3.089725971221924,0.5149627923965454,97594.0,2.9,1.3
16,1963-05-01,0.0,3.207305908203125,3.1942410469055176,3.200773000717163,0.5334709882736206,86112.0,3.0,1.0
17,1963-06-01,0.0,3.0962579250335693,3.057065010070801,3.076662063598633,0.5147240161895752,162656.0,2.99,1.3
18,1963-07-01,0.0,2.98521089553833,2.9329540729522705,2.939486026763916,0.4917744994163513,107162.0,3.02,1.3
19,1963-08-01,0.0,3.1027910709381104,3.0309360027313232,3.057065010070801,0.5114455223083496,120557.0,3.49,1.6
20,1963-09-01,0.0,3.305288076400757,3.27262806892395,3.27262806892395,0.54945969581604,195187.0,3.48,1.3
21,1963-10-01,0.0,3.2464990615844727,3.1942410469055176,3.2269020080566406,0.5417822599411011,155002.0,3.5,1.3
22,1963-11-01,0.0,3.5339150428771973,3.488189935684204,3.488189935684204,0.5856514573097229,135866.0,3.48,1.6
23,1963-12-01,0.0,3.4947218894958496,3.4489970207214355,3.488189935684204,0.58763587474823,168397.0,3.38,1.6
24,1964-01-01,0.0,3.455528974533081,3.390207052230835,3.409804105758667,0.5744311809539795,116730.0,3.48,1.9
25,1964-02-01,0.0,3.605768918991089,3.5665760040283203,3.573107957839966,0.6019420623779297,336794.0,3.48,1.9
26,1964-03-01,0.0,3.5796399116516113,3.5339150428771973,3.5796399116516113,0.6052592396736145,122470.0,3.43,1.9
27,1964-04-01,0.0,3.403270959854126,3.3640780448913574,3.390207052230835,0.5732287168502808,179878.0,3.47,1.6
28,1964-05-01,0.0,3.3248848915100098,3.2791600227355957,3.2791600227355957,0.5544528365135193,126298.0,3.5,1.6
29,1964-06-01,0.0,3.1289188861846924,3.109323024749756,3.109323024749756,0.5278434753417969,350189.0,3.5,1.6
30,1964-07-01,0.0,3.0831940174102783,3.057065010070801,3.0701301097869873,0.52118980884552,212410.0,3.42,1.6
31,1964-08-01,0.0,3.15504789352417,3.115854978561402,3.1354520320892334,0.5322789549827576,141606.0,3.5,0.9
32,1964-09-01,0.0,3.0701301097869873,3.004807949066162,3.017872095108032,0.5144624710083008,275558.0,3.45,1.3
33,1964-10-01,0.0,2.978678941726685,2.9329540729522705,2.9329540729522705,0.4999862909317016,176051.0,3.36,1.3
34,1964-11-01,0.0,3.1615800857543945,3.1289188861846924,3.1485159397125244,0.5367333889007568,221978.0,3.52,1.2
35,1964-12-01,0.0,2.9917430877685547,2.952549934387207,2.9656150341033936,0.5076510310173035,130125.0,3.85,1.2
36,1965-01-01,0.0,3.004807949066162,2.919888973236084,3.004807949066162,0.5143604278564453,300435.0,3.9,1.6
37,1965-02-01,0.0,3.344481945037842,3.305288076400757,3.344481945037842,0.572505533695221,145434.0,3.98,1.6
38,1965-03-01,0.0,3.2464990615844727,3.200773000717163,3.2464990615844727,0.5582553744316101,223891.0,4.04,1.2
39,1965-04-01,0.0,3.2269020080566406,3.174644947052002,3.207305908203125,0.5515154004096985,84198.0,4.09,1.6
40,1965-05-01,0.0,3.233433961868286,3.207305908203125,3.220370054244995,0.553761899471283,158829.0,4.1,1.6
41,1965-06-01,0.0,3.1289188861846924,3.1027910709381104,3.115854978561402,0.5381531715393066,76544.0,4.04,1.2
42,1965-07-01,0.0,3.0244040489196777,2.9590818881988525,3.0113399028778076,0.5201014876365662,210496.0,4.09,1.2
43,1965-08-01,0.0,2.952549934387207,2.8610990047454834,2.939486026763916,0.5076912045478821,214323.0,4.12,1.6
44,1965-09-01,0.0,2.8610990047454834,2.841502904891968,2.8610990047454834,0.4965122938156128,265990.0,4.01,1.5
45,1965-10-01,0.0,3.0831940174102783,3.037468910217285,3.0635969638824463,0.5316532254219055,158829.0,4.08,1.5
46,1965-11-01,0.0,3.390207052230835,3.2791600227355957,3.390207052230835,0.5883330702781677,447782.0,4.1,1.2
47,1965-12-01,0.0,3.4947218894958496,3.4620609283447266,3.4751250743865967,0.6056569218635559,114816.0,4.32,1.5
48,1966-01-01,0.0,3.5469799041748047,3.4751250743865967,3.4751250743865967,0.6056569218635559,128211.0,4.42,0.9
49,1966-02-01,0.0,3.605768918991089,3.5535120964050293,3.560044050216675,0.6204568147659302,273645.0,4.6,1.2
50,1966-03-01,0.0,3.5469799041748047,3.4424641132354736,3.4424641132354736,0.6026131510734558,220064.0,4.65,1.5
51,1966-04-01,0.0,3.5469799041748047,3.468592882156372,3.5339150428771973,0.6186224222183228,185619.0,4.67,1.8
52,1966-05-01,0.0,3.945442914962769,3.8997180461883545,3.938910961151123,0.6895182132720947,95680.0,4.9,2.1
53,1966-06-01,0.0,3.8801209926605225,3.840928077697754,3.853991985321045,0.6776703000068665,220064.0,5.17,2.4
54,1966-07-01,0.0,4.010765075683594,3.919313907623291,3.997700929641723,0.7029392719268799,168397.0,5.3,2.8
55,1966-08-01,0.0,4.219795227050781,4.1283440589904785,4.1283440589904785,0.725911021232605,220064.0,5.53,3.1
56,1966-09-01,0.0,3.984636068344116,3.90625,3.90625,0.6894562840461731,1356742.0,5.4,3.0
57,1966-10-01,0.0,4.043426036834717,3.9323790073394775,3.958508014678955,0.6986801028251648,715686.0,5.53,3.3
58,1966-11-01,0.0,4.102215766906738,3.951975107192993,4.102215766906738,0.724044680595398,172224.0,5.76,3.6
59,1966-12-01,0.0,4.258987903594971,4.167538166046143,4.239391803741455,0.7511130571365356,281299.0,5.4,3.3
60,1967-01-01,0.0,4.154472827911377,4.095684051513672,4.1283440589904785,0.7314385175704956,101421.0,4.94,3.6
61,1967-02-01,0.0,4.441889762878418,4.402696132659912,4.402696132659912,0.780046284198761,223891.0,5.0,3.6
62,1967-03-01,0.0,4.637855052947998,4.552937030792236,4.637855052947998,0.8248324990272522,225805.0,4.53,3.6
63,1967-04-01,0.0,4.794628143310547,4.670516014099121,4.670516014099121,0.8306411504745483,132038.0,4.05,3.3
64,1967-05-01,0.0,4.579065799713135,4.533339977264404,4.579065799713135,0.8143771290779114,287040.0,3.94,3.3
65,1967-06-01,0.0,4.481082916259766,4.409228801727295,4.454954147338867,0.7952538132667542,195187.0,3.98,3.3
66,1967-07-01,0.0,4.265520095825195,4.193665981292725,4.265520095825195,0.7614378333091736,153088.0,3.79,3.3
67,1967-08-01,0.0,4.546404838562012,4.454954147338867,4.520276069641113,0.8069145083427429,696550.0,3.9,3.3
68,1967-09-01,0.0,4.402696132659912,4.31777811050415,4.402696132659912,0.7889156341552734,101421.0,3.99,3.6
69,1967-10-01,0.0,4.6966447830200195,4.6639838218688965,4.670516014099121,0.8369055986404419,137779.0,3.88,3.5
70,1967-11-01,0.0,4.6509199142456055,4.579065799713135,4.579065799713135,0.8205185532569885,191360.0,4.13,3.5
71,1967-12-01,0.0,4.775031089782715,4.709709167480469,4.709709167480469,0.8463640213012695,143520.0,4.51,3.8
72,1968-01-01,0.0,4.957932949066162,4.892611026763916,4.899143218994141,0.8804059028625488,133952.0,4.6,4.1
73,1968-02-01,0.0,4.611727237701416,4.533339977264404,4.546404838562012,0.8170172572135925,139693.0,4.71,4.1
74,1968-03-01,0.0,4.422293186187744,4.3635029792785645,4.3961639404296875,0.7934677600860596,160742.0,5.05,4.4
75,1968-04-01,0.0,4.729306221008301,4.611727237701416,4.6509199142456055,0.8394485116004944,403770.0,5.76,4.4
76,1968-05-01,0.0,5.271478176116943,5.140833854675293,5.140833854675293,0.927873432636261,348275.0,6.11,4.3
77,1968-06-01,0.0,6.003083229064941,5.846311092376709,5.983487129211426,1.083584904670715,243027.0,6.07,4.6
78,1968-07-01,0.0,5.709135055541992,5.585022926330566,5.611152172088623,1.0161569118499756,156915.0,6.02,4.9
79,1968-08-01,0.0,5.232285022735596,5.199624061584473,5.212687969207764,0.9439969062805176,197101.0,6.03,4.9
80,1968-09-01,0.0,5.539298057556152,5.473976135253906,5.473976135253906,0.9948039054870604,120557.0,5.78,4.9
81,1968-10-01,0.0,5.428249835968018,5.356396198272705,5.3825249671936035,0.9781841039657592,166483.0,5.91,4.8
82,1968-11-01,0.0,5.696070194244385,5.624216079711914,5.624216079711914,1.0221073627471924,172224.0,5.82,5.1
83,1968-12-01,0.0,5.957357883453369,5.878972053527832,5.878972053527832,1.0684051513671875,66976.0,6.02,5.1
84,1969-01-01,0.0,5.441315174102783,5.3694610595703125,5.3825249671936035,0.9781841039657592,183706.0,6.3,5.1
85,1969-02-01,0.0,5.23881721496582,5.180027008056641,5.199624061584473,0.9449449181556702,225805.0,6.61,5.3
86,1969-03-01,0.0,5.10817289352417,5.016722202301025,5.0689802169799805,0.9248569011688232,271731.0,6.79,5.6
87,1969-04-01,0.0,5.415185928344727,5.343331813812256,5.356396198272705,0.9772971868515016,472659.0,7.41,6.1
88,1969-05-01,0.0,5.558894157409668,5.480507850646973,5.545829772949219,1.0118603706359863,384634.0,8.67,6.1
89,1969-06-01,0.0,5.6176838874816895,5.565425872802734,5.591555118560791,1.023892164230347,109075.0,8.9,5.8
90,1969-07-01,0.0,5.330267906188965,5.284542083740234,5.304139137268066,0.9712625741958618,155002.0,8.61,5.8
91,1969-08-01,0.0,5.40865421295166,5.356396198272705,5.389057159423828,0.9868117570877076,495622.0,9.19,5.8
92,1969-09-01,0.0,5.669940948486328,5.591555118560791,5.6176838874816895,1.032555103302002,120557.0,9.15,6.0
93,1969-10-01,0.0,5.774456977844238,5.656877040863037,5.68953800201416,1.045762062072754,252595.0,9.0,6.0
94,1969-11-01,0.0,6.009614944458008,5.878972053527832,5.996551036834717,1.1021931171417236,507104.0,8.85,5.9
95,1969-12-01,0.0,5.996551036834717,5.885503768920898,5.990018844604492,1.10481858253479,344448.0,8.97,6.2
96,1970-01-01,5.728731155395508,5.761392116546631,5.722198963165283,5.728731155395508,1.0566248893737793,86112.0,8.98,6.2
97,1970-02-01,5.245348930358887,5.251881122589111,5.206155776977539,5.245348930358887,0.9674687385559082,407597.0,8.98,6.1
98,1970-03-01,5.696070194244385,5.735262870788574,5.6830058097839355,5.6830058097839355,1.0481916666030884,133952.0,7.76,6.1
99,1970-04-01,5.487040042877197,5.585022926330566,5.487040042877197,5.545829772949219,1.02289080619812,288954.0,8.1,5.8
100,1970-05-01,4.899143218994141,4.944868087768555,4.873013973236084,4.912207126617432,0.9060235619544984,311917.0,7.94,6.0
101,1970-06-01,4.4157609939575195,4.533339977264404,4.4157609939575195,4.448421955108643,0.8244932293891907,486054.0,7.6,6.5
102,1970-07-01,3.945442914962769,3.951975107192993,3.840928077697754,3.840928077697754,0.7118970155715942,342534.0,7.21,6.2
103,1970-08-01,4.219795227050781,4.24592399597168,4.193665981292725,4.219795227050781,0.7821183204650879,870688.0,6.61,6.2
104,1970-09-01,4.592130184173584,4.592130184173584,4.441889762878418,4.454954147338867,0.8303600549697876,1894464.0,6.29,6.2
105,1970-10-01,4.618258953094482,4.644388198852539,4.533339977264404,4.546404838562012,0.8474048972129822,1951872.0,6.2,6.4
106,1970-11-01,4.624791145324707,4.6509199142456055,4.611727237701416,4.637855052947998,0.8644508719444275,277472.0,5.6,6.6
107,1970-12-01,4.6966447830200195,4.722774028778076,4.6509199142456055,4.6966447830200195,0.8798562288284302,510931.0,4.9,6.6
108,1971-01-01,5.134302139282227,5.134302139282227,5.062448024749756,5.062448024749756,0.9483845233917236,199014.0,4.14,6.3
109,1971-02-01,5.193091869354248,5.225752830505371,5.193091869354248,5.206155776977539,0.975306272506714,679328.0,3.72,5.8
110,1971-03-01,5.421718120574951,5.434782981872559,5.3825249671936035,5.434782981872559,1.022790789604187,352102.0,3.71,5.2
111,1971-04-01,5.892035961151123,5.944293022155762,5.865907192230225,5.944293022155762,1.1186774969100952,193274.0,4.15,5.0
112,1971-05-01,5.983487129211426,6.003083229064941,5.91816520690918,5.97042179107666,1.1235942840576172,355930.0,4.63,5.2
113,1971-06-01,5.957357883453369,5.976953983306885,5.91816520690918,5.91816520690918,1.118363380432129,126298.0,4.91,4.9
114,1971-07-01,6.329692840576172,6.329692840576172,6.283967018127441,6.3231611251831055,1.1948957443237305,610438.0,5.31,4.9
115,1971-08-01,6.022679805755615,6.055340766906738,5.990018844604492,6.02921199798584,1.1393474340438845,202842.0,5.56,4.6
116,1971-09-01,6.238242149353027,6.251306056976318,6.218645095825195,6.218645095825195,1.1797643899917605,172224.0,5.55,4.4
117,1971-10-01,6.395014762878418,6.532190799713135,6.362353801727295,6.519125938415527,1.236769199371338,336794.0,5.2,3.8
118,1971-11-01,6.27090311050415,6.290500164031982,6.1402587890625,6.159855842590332,1.1686112880706787,204755.0,4.91,3.3
119,1971-12-01,6.401546955108643,6.519125938415527,6.401546955108643,6.519125938415527,1.2415900230407717,407597.0,4.14,3.1
120,1972-01-01,7.0547661781311035,7.080894947052002,6.963315010070801,6.963315010070801,1.3261874914169312,120557.0,3.5,3.1
121,1972-02-01,7.028636932373047,7.126619815826416,7.028636932373047,7.087427139282227,1.3498241901397705,239200.0,3.29,3.3
122,1972-03-01,7.3552470207214355,7.387907981872559,7.3487138748168945,7.36177921295166,1.406967282295227,287040.0,3.83,3.3
123,1972-04-01,7.734114170074463,7.773306846618652,7.734114170074463,7.734114170074463,1.4781272411346436,160742.0,4.17,3.3
124,1972-05-01,7.368310928344727,7.387907981872559,7.276860237121582,7.309521198272705,1.3969799280166626,329139.0,4.27,3.1
125,1972-06-01,8.014998435974121,8.073787689208984,7.975804805755615,8.008465766906738,1.5355253219604492,162656.0,4.46,2.8
126,1972-07-01,7.995400905609131,8.073787689208984,7.995400905609131,8.03459358215332,1.540535807609558,83242.0,4.55,2.8
127,1972-08-01,8.622491836547852,8.71394157409668,8.570234298706055,8.700878143310547,1.6682863235473633,144477.0,4.8,3.3
128,1972-09-01,8.361204147338867,8.49184799194336,8.361204147338867,8.49184799194336,1.632838249206543,343491.0,4.87,2.8
129,1972-10-01,8.348139762878418,8.361204147338867,8.217495918273926,8.217495918273926,1.5800845623016355,199014.0,5.04,3.0
130,1972-11-01,8.674749374389648,8.779264450073242,8.6616849899292,8.753134727478027,1.6830793619155884,225805.0,5.06,3.0
131,1972-12-01,8.870715141296387,8.936037063598633,8.831521987915039,8.857650756835938,1.708218693733215,155002.0,5.33,3.0
132,1973-01-01,8.949101448059082,9.001358985900879,8.909908294677734,8.962165832519531,1.7283748388290403,185619.0,5.94,2.8
133,1973-02-01,8.80539321899414,8.80539321899414,8.570234298706055,8.596363067626953,1.6578296422958374,343491.0,6.58,2.8
134,1973-03-01,8.465719223022461,8.504912376403809,8.335075378417969,8.335075378417969,1.6122961044311523,259293.0,7.09,3.0
135,1973-04-01,8.831521987915039,8.831521987915039,8.674749374389648,8.727006912231445,1.6881091594696045,187533.0,7.12,3.2
136,1973-05-01,8.165238380432129,8.20443058013916,7.969273090362549,8.13910961151123,1.5743896961212158,351146.0,7.84,3.2
137,1973-06-01,8.648619651794434,8.6616849899292,8.531041145324707,8.648619651794434,1.6782071590423584,190403.0,8.49,3.2
138,1973-07-01,8.753134727478027,8.766200065612793,8.687813758850098,8.687813758850098,1.6858117580413818,220064.0,10.4,3.2
139,1973-08-01,8.936037063598633,8.97523021697998,8.922971725463867,8.962165832519531,1.7390486001968384,274602.0,10.5,3.2
140,1973-09-01,8.97523021697998,8.97523021697998,8.779264450073242,8.831521987915039,1.719378113746643,3075155.0,10.78,3.8
141,1973-10-01,9.354097366333008,9.380226135253906,9.249582290649414,9.249582290649414,1.8007667064666748,204755.0,10.01,4.3
142,1973-11-01,9.040552139282228,9.249582290649414,9.001358985900879,9.210389137268066,1.793137550354004,328182.0,10.03,4.5
143,1973-12-01,8.15217399597168,8.15217399597168,7.890885829925537,7.956208229064941,1.5539939403533936,868774.0,9.95,4.7
144,1974-01-01,8.15217399597168,8.243624687194824,8.099916458129883,8.230560302734375,1.6075793504714966,157872.0,9.65,4.9
145,1974-02-01,7.943143844604492,7.943143844604492,7.734114170074463,7.8125,1.525924801826477,380806.0,8.97,5.4
146,1974-03-01,8.021530151367188,8.073787689208984,7.890885829925537,7.890885829925537,1.5482583045959473,191360.0,9.35,5.8
147,1974-04-01,7.760241985321045,7.864758014678955,7.707984924316406,7.721048831939697,1.514933943748474,400899.0,10.51,6.2
148,1974-05-01,7.47282600402832,7.525084018707275,7.368310928344727,7.525084018707275,1.476483941078186,560685.0,11.31,6.8
149,1974-06-01,7.381374835968018,7.551211833953857,7.381374835968018,7.551211833953857,1.4882656335830688,468832.0,11.93,7.9
150,1974-07-01,7.681856155395508,7.707984924316406,7.551211833953857,7.564277172088623,1.4908404350280762,331053.0,12.92,8.8
151,1974-08-01,6.793478012084961,6.858799934387207,6.754284858703613,6.845736026763916,1.349223256111145,371238.0,12.01,9.6
152,1974-09-01,6.27090311050415,6.297031879425049,5.878972053527832,5.91816520690918,1.1723148822784424,574080.0,11.34,10.2
153,1974-10-01,5.121236801147461,5.121236801147461,4.886078834533691,5.016722202301025,0.9937502145767212,642013.0,10.06,10.6
154,1974-11-01,6.44074010848999,6.453804016113281,6.218645095825195,6.297031879425049,1.2473640441894531,518586.0,9.45,11.2
155,1974-12-01,5.500104904174805,5.500104904174805,5.199624061584473,5.199624061584473,1.0358624458312988,480314.0,8.53,11.1
156,1975-01-01,4.781564235687256,4.781564235687256,4.624791145324707,4.690113067626953,0.9343585968017578,1127110.0,7.13,11.5
157,1975-02-01,4.859950065612793,5.042850971221924,4.859950065612793,5.042850971221924,1.0046314001083374,789360.0,6.24,11.7
158,1975-03-01,5.6830058097839355,5.852842807769775,5.6830058097839355,5.839777946472168,1.1715580224990845,905133.0,5.54,11.4
159,1975-04-01,5.330267906188965,5.356396198272705,5.251881122589111,5.343331813812256,1.07196307182312,745347.0,5.49,11.3
160,1975-05-01,6.3492889404296875,6.506062030792236,6.3492889404296875,6.427676200866699,1.28950035572052,1785389.0,5.22,10.5
161,1975-06-01,6.963315010070801,7.107022762298584,6.963315010070801,7.041701793670654,1.42015540599823,350189.0,5.55,9.6
162,1975-07-01,7.015573024749756,7.015573024749756,6.95025110244751,6.989443778991699,1.4096161127090454,240157.0,6.1,9.1
163,1975-08-01,5.97042179107666,5.97042179107666,5.905099868774414,5.957357883453369,1.2014681100845337,414294.0,6.14,8.2
164,1975-09-01,5.74832820892334,5.74832820892334,5.604619979858398,5.604619979858398,1.1372649669647217,350189.0,6.24,7.7
165,1975-10-01,5.330267906188965,5.40865421295166,5.186559200286865,5.186559200286865,1.0524336099624634,488925.0,5.82,7.0
166,1975-11-01,6.009614944458008,6.009614944458008,5.892035961151123,5.905099868774414,1.198237657546997,695594.0,5.22,6.8
167,1975-12-01,6.414610862731934,6.466868877410889,6.401546955108643,6.401546955108643,1.3062195777893066,286083.0,5.2,6.7
168,1976-01-01,5.787520885467529,5.787520885467529,5.696070194244385,5.74832820892334,1.1729323863983154,363584.0,4.87,6.7
169,1976-02-01,6.519125938415527,6.519125938415527,6.427676200866699,6.506062030792236,1.327546238899231,565469.0,4.77,6.5
170,1976-03-01,6.009614944458008,6.127194881439209,6.009614944458008,6.114130020141602,1.2551308870315552,491795.0,4.84,6.6
171,1976-04-01,6.702027797698975,6.702027797698975,6.597513198852539,6.61057710647583,1.357042670249939,540592.0,4.82,6.4
172,1976-05-01,6.453804016113281,6.453804016113281,6.231709957122803,6.27090311050415,1.2873138189315796,598957.0,5.29,6.5
173,1976-06-01,5.74832820892334,5.80058479309082,5.722198963165283,5.774456977844238,1.1929441690444946,580778.0,5.48,6.5
174,1976-07-01,5.813650131225586,5.878972053527832,5.80058479309082,5.826714038848877,1.2037396430969238,611395.0,5.31,6.7
175,1976-08-01,6.31009578704834,6.3362250328063965,6.257839202880859,6.283967018127441,1.2982028722763062,310960.0,5.29,6.8
176,1976-09-01,6.466868877410889,6.558319091796875,6.427676200866699,6.545255184173584,1.3599809408187866,561642.0,5.25,6.8
177,1976-10-01,6.728156089782715,6.767348766326904,6.662834167480469,6.688962936401367,1.3898414373397827,533894.0,5.02,6.7
178,1976-11-01,6.297031879425049,6.31009578704834,6.257839202880859,6.27090311050415,1.3029770851135254,326269.0,4.95,6.5
179,1976-12-01,5.957357883453369,5.983487129211426,5.839777946472168,5.878972053527832,1.229383111000061,693680.0,4.65,6.1
180,1977-01-01,5.839777946472168,5.957357883453369,5.839777946472168,5.878972053527832,1.229383111000061,311917.0,4.61,6.3
181,1977-02-01,5.291073799133301,5.3694610595703125,5.291073799133301,5.3694610595703125,1.1228357553482056,621920.0,4.68,6.3
182,1977-03-01,5.343331813812256,5.3955888748168945,5.343331813812256,5.3955888748168945,1.1378759145736694,457350.0,4.69,6.2
183,1977-04-01,5.264945983886719,5.330267906188965,5.264945983886719,5.291073799133301,1.1158344745635986,528154.0,4.73,6.3
184,1977-05-01,5.0689802169799805,5.121236801147461,5.055915832519531,5.095108985900879,1.0745079517364502,281299.0,5.35,6.3
185,1977-06-01,5.016722202301025,5.134302139282227,5.016722202301025,5.10817289352417,1.0865216255187988,687939.0,5.39,6.6
186,1977-07-01,5.147366046905518,5.147366046905518,5.016722202301025,5.095108985900879,1.083742618560791,423862.0,5.42,6.3
187,1977-08-01,5.23881721496582,5.27800989151001,5.23881721496582,5.251881122589111,1.1170880794525146,281299.0,5.9,6.2
188,1977-09-01,5.44784688949585,5.487040042877197,5.44784688949585,5.473976135253906,1.1741855144500732,396115.0,6.14,6.2
189,1977-10-01,5.291073799133301,5.330267906188965,5.225752830505371,5.330267906188965,1.1433608531951904,692723.0,6.47,6.0
190,1977-11-01,5.003657817840576,5.003657817840576,4.925271987915039,4.93833589553833,1.0592889785766602,562598.0,6.51,5.9
191,1977-12-01,5.055915832519531,5.095108985900879,4.977529048919678,4.990593910217285,1.0796761512756348,757786.0,6.56,6.5
192,1978-01-01,5.029787063598633,5.029787063598633,4.886078834533691,4.886078834533691,1.0570651292800903,1135722.0,6.7,6.4
193,1978-02-01,4.899143218994141,4.93833589553833,4.899143218994141,4.93833589553833,1.068370699882507,297565.0,6.78,6.2
194,1978-03-01,4.716241836547852,4.716241836547852,4.677048206329346,4.703176975250244,1.0284959077835083,996986.0,6.79,6.3
195,1978-04-01,4.559469223022461,4.559469223022461,4.507212162017822,4.533339977264404,0.9913548231124878,725254.0,6.89,6.5
196,1978-05-01,5.343331813812256,5.473976135253906,5.330267906188965,5.40865421295166,1.1827703714370728,1052480.0,7.36,6.8
197,1978-06-01,5.591555118560791,5.643813133239746,5.591555118560791,5.6307477951049805,1.2426351308822632,480314.0,7.6,7.0
198,1978-07-01,5.74832820892334,5.74832820892334,5.696070194244385,5.696070194244385,1.2570501565933228,292781.0,7.81,7.4
199,1978-08-01,6.244773864746094,6.244773864746094,6.179451942443848,6.192516803741455,1.3666096925735474,655408.0,8.04,7.5
200,1978-09-01,6.47993278503418,6.558319091796875,6.466868877410889,6.506062030792236,1.4469356536865234,369325.0,8.45,7.9
201,1978-10-01,6.0880022048950195,6.1402587890625,6.061872959136963,6.1010661125183105,1.3568662405014038,403770.0,8.96,8.4
202,1978-11-01,6.1010661125183105,6.257839202880859,6.1010661125183105,6.257839202880859,1.3917328119277954,2414963.0,9.76,8.7
203,1978-12-01,6.297031879425049,6.375418186187744,6.297031879425049,6.375418186187744,1.429948806762695,1335693.0,10.03,8.5
204,1979-01-01,6.597513198852539,6.61057710647583,6.506062030792236,6.61057710647583,1.482692837715149,817107.0,10.07,8.6
205,1979-02-01,6.47993278503418,6.545255184173584,6.44074010848999,6.545255184173584,1.4680415391921997,662106.0,10.06,9.2
206,1979-03-01,5.892035961151123,5.91816520690918,5.852842807769775,5.892035961151123,1.3350489139556885,642970.0,10.09,9.3
207,1979-04-01,6.0357441902160645,6.0357441902160645,5.931229114532471,6.009614944458008,1.361691117286682,559728.0,10.01,9.3
208,1979-05-01,5.852842807769775,5.878972053527832,5.80058479309082,5.839777946472168,1.3232088088989258,481270.0,10.24,9.4
209,1979-06-01,5.787520885467529,5.80058479309082,5.761392116546631,5.787520885467529,1.3255069255828855,319571.0,10.29,9.3
210,1979-07-01,5.892035961151123,5.892035961151123,5.839777946472168,5.878972053527832,1.3464510440826416,451610.0,10.47,9.6
211,1979-08-01,5.552361965179443,5.565425872802734,5.513168811798096,5.565425872802734,1.2746403217315674,1127110.0,10.94,10.0
212,1979-09-01,5.813650131225586,5.813650131225586,5.722198963165283,5.761392116546631,1.3334674835205078,1380662.0,11.43,9.9
213,1979-10-01,5.356396198272705,5.356396198272705,5.225752830505371,5.291073799133301,1.2246121168136597,1578720.0,13.77,10.1
214,1979-11-01,5.225752830505371,5.23881721496582,5.199624061584473,5.212687969207764,1.206470251083374,501363.0,13.18,10.6
215,1979-12-01,5.186559200286865,5.225752830505371,5.173494815826416,5.186559200286865,1.215076923370361,558771.0,13.78,11.3
216,1980-01-01,5.251881122589111,5.264945983886719,5.095108985900879,5.173494815826416,1.2120167016983032,1318470.0,13.82,12.0
217,1980-02-01,5.173494815826416,5.225752830505371,5.147366046905518,5.212687969207764,1.2211984395980835,946275.0,14.13,12.0
218,1980-03-01,5.225752830505371,5.27800989151001,5.173494815826416,5.199624061584473,1.2343645095825195,754915.0,17.19,12.5
219,1980-04-01,5.199624061584473,5.212687969207764,5.147366046905518,5.173494815826416,1.2281618118286133,670717.0,17.61,13.0
220,1980-05-01,5.513168811798096,5.5784912109375,5.460910797119141,5.473976135253906,1.2994946241378784,1398842.0,10.98,13.3
221,1980-06-01,5.669940948486328,5.6830058097839355,5.604619979858398,5.6176838874816895,1.3506845235824585,660192.0,9.47,13.6
222,1980-07-01,5.552361965179443,5.6307477951049805,5.526233196258545,5.565425872802734,1.3381198644638062,1598813.0,9.03,12.4
223,1980-08-01,6.1402587890625,6.153324127197266,6.0357441902160645,6.048809051513672,1.4543417692184448,1178778.0,9.61,11.8
224,1980-09-01,6.048809051513672,6.061872959136963,6.022679805755615,6.048809051513672,1.4715089797973633,331053.0,10.87,12.0
225,1980-10-01,6.205581188201904,6.205581188201904,6.1010661125183105,6.192516803741455,1.5064691305160522,1190259.0,12.81,12.3
226,1980-11-01,5.865907192230225,5.996551036834717,5.865907192230225,5.996551036834717,1.4587963819503784,886954.0,15.85,12.1
227,1980-12-01,6.3362250328063965,6.3362250328063965,6.1402587890625,6.166388034820557,1.5183594226837158,947232.0,18.9,12.2
228,1981-01-01,6.166388034820557,6.218645095825195,6.166388034820557,6.192516803741455,1.5247927904129028,268861.0,19.08,11.4
229,1981-02-01,6.061872959136963,6.061872959136963,5.957357883453369,6.009614944458008,1.479757308959961,800842.0,15.93,10.9
230,1981-03-01,6.558319091796875,6.6497697830200195,6.506062030792236,6.623641014099121,1.6522225141525269,1286896.0,14.7,10.0
231,1981-04-01,6.597513198852539,6.662834167480469,6.558319091796875,6.597513198852539,1.6457046270370483,1330909.0,15.72,9.5
232,1981-05-01,6.3231611251831055,6.388482093811035,6.283967018127441,6.297031879425049,1.570752501487732,844854.0,18.52,9.5
233,1981-06-01,5.905099868774414,6.1402587890625,5.905099868774414,6.1010661125183105,1.5421607494354248,885997.0,19.1,9.4
234,1981-07-01,6.009614944458008,6.009614944458008,5.944293022155762,5.983487129211426,1.5124406814575195,1099363.0,19.04,11.1
235,1981-08-01,5.669940948486328,5.709135055541992,5.565425872802734,5.5784912109375,1.410070300102234,447782.0,17.82,11.6
236,1981-09-01,5.3694610595703125,5.40865421295166,5.304139137268066,5.3825249671936035,1.3802061080932615,688896.0,15.87,11.8
237,1981-10-01,5.225752830505371,5.23881721496582,5.199624061584473,5.225752830505371,1.3400059938430786,539635.0,15.08,10.9
238,1981-11-01,5.212687969207764,5.304139137268066,5.212687969207764,5.27800989151001,1.3534057140350342,1040042.0,13.31,10.2
239,1981-12-01,5.669940948486328,5.709135055541992,5.6307477951049805,5.669940948486328,1.47544527053833,1022819.0,12.37,9.5
240,1982-01-01,5.696070194244385,5.722198963165283,5.656877040863037,5.669940948486328,1.47544527053833,1006554.0,13.22,9.3
241,1982-02-01,5.74832820892334,5.826714038848877,5.656877040863037,5.656877040863037,1.4720463752746582,2398698.0,14.78,9.1
242,1982-03-01,5.787520885467529,5.826714038848877,5.735262870788574,5.80058479309082,1.5315178632736206,1556714.0,14.68,8.8
243,1982-04-01,5.696070194244385,5.774456977844238,5.604619979858398,5.735262870788574,1.5142722129821775,1017078.0,14.94,8.9
244,1982-05-01,5.735262870788574,5.774456977844238,5.6830058097839355,5.774456977844238,1.5246198177337646,624790.0,14.45,8.7
245,1982-06-01,5.330267906188965,5.3694610595703125,5.27800989151001,5.330267906188965,1.4279241561889648,1247667.0,14.15,8.6
246,1982-07-01,5.500104904174805,5.565425872802734,5.434782981872559,5.473976135253906,1.4664223194122314,942448.0,12.59,7.6
247,1982-08-01,5.656877040863037,5.722198963165283,5.5784912109375,5.696070194244385,1.525918960571289,1771994.0,10.12,7.1
248,1982-09-01,6.375418186187744,6.47993278503418,6.27090311050415,6.3231611251831055,1.719869613647461,3503802.0,10.31,5.9
249,1982-09-27,6.375418186187744,6.47993278503418,6.27090311050415,6.3231611251831055,1.719869613647461,3503802.0,10.31,5.9
250,1982-10-01,6.754284858703613,6.832671165466309,6.662834167480469,6.806542873382568,1.8513472080230713,1855235.0,9.71,5.9
251,1982-10-07,6.754284858703613,6.832671165466309,6.662834167480469,6.806542873382568,1.8513472080230713,1855235.0,9.71,5.9
252,1982-11-01,7.616534233093262,7.707984924316406,7.512019157409668,7.694921016693115,2.0929830074310303,1098406.0,9.2,5.3
253,1982-11-19,7.616534233093262,7.707984924316406,7.512019157409668,7.694921016693115,2.0929830074310303,1098406.0,9.2,5.3
254,1982-12-01,7.734114170074463,7.864758014678955,7.6034698486328125,7.629599094390869,2.097551107406616,2157584.0,8.95,4.5
255,1982-12-14,7.734114170074463,7.864758014678955,7.6034698486328125,7.629599094390869,2.097551107406616,2157584.0,8.95,4.5
256,1983-01-01,7.721048831939697,7.838628768920898,7.5904059410095215,7.655726909637451,2.1047353744506836,1127110.0,8.68,4.7
257,1983-02-01,7.877821922302246,7.969273090362549,7.786371231079102,7.825563907623291,2.15142822265625,948189.0,8.51,4.7
258,1983-03-01,8.269753456115723,8.335075378417969,8.191367149353027,8.308945655822754,2.3093063831329346,1535664.0,8.77,4.7
259,1983-03-31,8.269753456115723,8.335075378417969,8.191367149353027,8.308945655822754,2.3093063831329346,1535664.0,8.77,4.7
260,1983-04-01,8.112980842590332,8.20443058013916,8.099916458129883,8.13910961151123,2.2621026039123535,982634.0,8.8,4.3
261,1983-05-01,8.727006912231445,8.831521987915039,8.622491836547852,8.6616849899292,2.4073421955108643,2966080.0,8.63,3.6
262,1983-05-25,8.727006912231445,8.831521987915039,8.622491836547852,8.6616849899292,2.4073421955108643,2966080.0,8.63,3.6
263,1983-06-01,9.05361557006836,9.158130645751951,9.040552139282228,9.158130645751951,2.5699374675750732,1369181.0,8.98,2.9
264,1983-06-24,9.05361557006836,9.158130645751951,9.040552139282228,9.158130645751951,2.5699374675750732,1369181.0,8.98,2.9
265,1983-07-01,8.779264450073242,8.818456649780273,8.609427452087402,8.687813758850098,2.437958240509033,2686694.0,9.37,3.0
266,1983-07-14,8.779264450073242,8.818456649780273,8.609427452087402,8.687813758850098,2.437958240509033,2686694.0,9.37,3.0
267,1983-07-20,8.779264450073242,8.818456649780273,8.609427452087402,8.687813758850098,2.437958240509033,2686694.0,9.37,3.0
268,1983-08-01,8.256689071655273,8.308945655822754,8.230560302734375,8.282817840576172,2.3243088722229004,1241926.0,9.56,3.0
269,1983-08-11,8.256689071655273,8.308945655822754,8.230560302734375,8.282817840576172,2.3243088722229004,1241926.0,9.56,3.0
270,1983-08-17,8.256689071655273,8.308945655822754,8.230560302734375,8.282817840576172,2.3243088722229004,1241926.0,9.56,3.0
271,1983-09-01,8.191367149353027,8.217495918273926,8.060723304748535,8.178302764892578,2.31935453414917,2018848.0,9.45,3.5
272,1983-09-15,8.191367149353027,8.217495918273926,8.060723304748535,8.178302764892578,2.31935453414917,2018848.0,9.45,3.5
273,1983-10-01,8.622491836547852,8.700878143310547,8.54410457611084,8.648619651794434,2.452737331390381,1112758.0,9.48,3.7
274,1983-11-01,8.857650756835938,8.949101448059082,8.753134727478027,8.949101448059082,2.537951946258545,1239056.0,9.34,4.3
275,1983-12-01,8.949101448059082,8.949101448059082,8.80539321899414,8.844586372375488,2.532431125640869,2894320.0,9.47,4.8
276,1984-01-01,8.596363067626953,8.6616849899292,8.596363067626953,8.622491836547852,2.4688403606414795,782662.0,9.56,4.8
277,1984-02-01,8.126045227050781,8.13910961151123,7.98233699798584,8.047658920288086,2.3042500019073486,1669616.0,9.59,4.8
278,1984-03-01,7.864758014678955,7.98233699798584,7.838628768920898,7.943143844604492,2.2998368740081787,1863846.0,9.91,5.0
279,1984-03-29,7.864758014678955,7.98233699798584,7.838628768920898,7.943143844604492,2.2998368740081787,1863846.0,9.91,5.0
280,1984-04-01,7.629599094390869,7.629599094390869,7.342182159423828,7.394440174102783,2.140967607498169,1903075.0,10.29,5.0
281,1984-05-01,7.903951168060303,8.099916458129883,7.903951168060303,8.060723304748535,2.3338818550109863,3444480.0,10.32,5.2
282,1984-06-01,7.838628768920898,7.890885829925537,7.838628768920898,7.890885829925537,2.311074495315552,2126010.0,11.06,5.1
283,1984-07-01,8.060723304748535,8.086852073669434,7.917015075683594,7.969273090362549,2.334033250808716,561642.0,11.23,5.0
284,1984-07-05,8.060723304748535,8.086852073669434,7.917015075683594,7.969273090362549,2.334033250808716,561642.0,11.23,5.0
285,1984-07-19,8.060723304748535,8.086852073669434,7.917015075683594,7.969273090362549,2.334033250808716,561642.0,11.23,5.0
286,1984-08-01,7.969273090362549,8.086852073669434,7.930078983306885,8.021530151367188,2.3493385314941406,3511456.0,11.64,5.1
287,1984-08-09,7.969273090362549,8.086852073669434,7.930078983306885,8.021530151367188,2.3493385314941406,3511456.0,11.64,5.1
288,1984-09-01,8.622491836547852,8.622491836547852,8.504912376403809,8.531041145324707,2.52437424659729,820934.0,11.3,5.1
289,1984-09-20,8.622491836547852,8.622491836547852,8.504912376403809,8.531041145324707,2.52437424659729,820934.0,11.3,5.1
290,1984-09-27,8.622491836547852,8.622491836547852,8.504912376403809,8.531041145324707,2.52437424659729,820934.0,11.3,5.1
291,1984-10-01,7.903951168060303,7.969273090362549,7.890885829925537,7.917015075683594,2.3426830768585205,1306989.0,9.99,4.9
292,1984-10-11,7.903951168060303,7.969273090362549,7.890885829925537,7.917015075683594,2.3426830768585205,1306989.0,9.99,4.9
293,1984-10-18,7.903951168060303,7.969273090362549,7.890885829925537,7.917015075683594,2.3426830768585205,1306989.0,9.99,4.9
294,1984-11-01,8.531041145324707,8.648619651794434,8.517976760864258,8.596363067626953,2.54370641708374,1360570.0,9.43,4.6
295,1984-11-08,8.531041145324707,8.648619651794434,8.517976760864258,8.596363067626953,2.54370641708374,1360570.0,9.43,4.6
296,1984-11-23,8.531041145324707,8.648619651794434,8.517976760864258,8.596363067626953,2.54370641708374,1360570.0,9.43,4.6
297,1984-12-01,8.15217399597168,8.20443058013916,8.060723304748535,8.191367149353027,2.4492523670196533,1359613.0,8.38,4.7
298,1984-12-06,8.15217399597168,8.20443058013916,8.060723304748535,8.191367149353027,2.4492523670196533,1359613.0,8.38,4.7
299,1984-12-19,8.15217399597168,8.20443058013916,8.060723304748535,8.191367149353027,2.4492523670196533,1359613.0,8.38,4.7
300,1984-12-24,8.15217399597168,8.20443058013916,8.060723304748535,8.191367149353027,2.4492523670196533,1359613.0,8.38,4.7
301,1985-01-01,8.256689071655273,8.269753456115723,8.126045227050781,8.191367149353027,2.4492523670196533,924269.0,8.35,4.5
302,1985-01-24,8.256689071655273,8.269753456115723,8.126045227050781,8.191367149353027,2.4492523670196533,924269.0,8.35,4.5
303,1985-02-01,8.779264450073242,8.857650756835938,8.753134727478027,8.753134727478027,2.6172242164611816,2181504.0,8.5,4.7
304,1985-02-14,8.779264450073242,8.857650756835938,8.753134727478027,8.753134727478027,2.6172242164611816,2181504.0,8.5,4.7
305,1985-03-01,8.570234298706055,8.779264450073242,8.570234298706055,8.779264450073242,2.6526689529418945,4331434.0,8.58,4.8
306,1985-03-28,8.570234298706055,8.779264450073242,8.570234298706055,8.779264450073242,2.6526689529418945,4331434.0,8.58,4.8
307,1985-04-01,8.648619651794434,8.6616849899292,8.583297729492188,8.609427452087402,2.6013522148132324,793187.0,8.27,4.5
308,1985-04-25,8.648619651794434,8.6616849899292,8.583297729492188,8.609427452087402,2.6013522148132324,793187.0,8.27,4.5
309,1985-05-01,8.047658920288086,8.047658920288086,7.838628768920898,7.838628768920898,2.368454933166504,1918384.0,7.97,4.5
310,1985-05-20,8.047658920288086,8.047658920288086,7.838628768920898,7.838628768920898,2.368454933166504,1918384.0,7.97,4.5
311,1985-06-01,7.864758014678955,7.877821922302246,7.8125,7.851693153381348,2.3994929790496826,3223459.0,7.53,4.4
312,1985-07-01,8.15217399597168,8.191367149353027,8.099916458129883,8.165238380432129,2.4953129291534424,3947757.0,7.88,4.2
313,1985-07-11,8.15217399597168,8.191367149353027,8.099916458129883,8.165238380432129,2.4953129291534424,3947757.0,7.88,4.2
314,1985-08-01,8.387332916259766,8.439590454101562,8.335075378417969,8.400397300720215,2.56717848777771,1439027.0,7.9,4.1
315,1985-08-21,8.387332916259766,8.439590454101562,8.335075378417969,8.400397300720215,2.56717848777771,1439027.0,7.9,4.1
316,1985-09-01,7.995400905609131,8.021530151367188,7.943143844604492,8.021530151367188,2.4796204566955566,987418.0,7.92,4.0
317,1985-09-06,7.995400905609131,8.021530151367188,7.943143844604492,8.021530151367188,2.4796204566955566,987418.0,7.92,4.0
318,1985-10-01,7.943143844604492,8.03459358215332,7.890885829925537,8.03459358215332,2.4836583137512207,2092522.0,7.99,4.1
319,1985-11-01,8.112980842590332,8.256689071655273,8.112980842590332,8.256689071655273,2.5523109436035156,2477155.0,8.05,4.4
320,1985-12-01,8.80539321899414,8.88377857208252,8.766200065612793,8.792328834533691,2.7476632595062256,1769123.0,8.27,4.3
321,1985-12-18,8.80539321899414,8.88377857208252,8.766200065612793,8.792328834533691,2.7476632595062256,1769123.0,8.27,4.3
322,1986-01-01,9.380226135253906,9.380226135253906,9.249582290649414,9.262645721435549,2.8946399688720703,1526096.0,8.14,4.4
323,1986-02-01,9.497804641723633,9.641512870788574,9.458612442016602,9.615385055541992,3.004873037338257,2977562.0,7.86,4.2
324,1986-03-01,10.294732093811035,10.320860862731934,10.13796043395996,10.203282356262209,3.2184557914733887,2006410.0,7.48,4.1
325,1986-03-07,10.294732093811035,10.320860862731934,10.13796043395996,10.203282356262209,3.2184557914733887,2006410.0,7.48,4.1
326,1986-04-01,11.078595161437988,11.091659545898438,10.50376319885254,10.634406089782717,3.354448080062866,3704730.0,6.99,4.2
327,1986-04-02,11.078595161437988,11.091659545898438,10.50376319885254,10.634406089782717,3.354448080062866,3704730.0,6.99,4.2
328,1986-04-21,11.078595161437988,11.091659545898438,10.50376319885254,10.634406089782717,3.354448080062866,3704730.0,6.99,4.2
329,1986-05-01,10.921822547912598,10.947952270507812,10.830371856689451,10.8695650100708,3.428624391555786,2529779.0,6.85,4.0
330,1986-05-22,10.921822547912598,10.947952270507812,10.830371856689451,10.8695650100708,3.428624391555786,2529779.0,6.85,4.0
331,1986-06-01,11.170045852661133,11.222304344177246,10.921822547912598,10.974080085754396,3.493149518966675,3432042.0,6.92,4.0
332,1986-06-05,11.170045852661133,11.222304344177246,10.921822547912598,10.974080085754396,3.493149518966675,3432042.0,6.92,4.0
333,1986-07-01,11.94084358215332,12.019230842590332,11.88858699798584,11.993102073669434,3.8175137042999263,1869587.0,6.56,4.1
334,1986-07-11,11.94084358215332,12.019230842590332,11.88858699798584,11.993102073669434,3.8175137042999263,1869587.0,6.56,4.1
335,1986-08-01,11.601170539855955,11.601170539855955,11.418269157409668,11.483591079711914,3.655332088470459,1420848.0,6.17,4.0
336,1986-08-21,11.601170539855955,11.601170539855955,11.418269157409668,11.483591079711914,3.655332088470459,1420848.0,6.17,4.0
337,1986-09-01,11.73181438446045,11.784071922302246,11.509719848632812,11.509719848632812,3.69356369972229,2911542.0,5.89,4.1
338,1986-10-01,10.55601978302002,10.921822547912598,10.50376319885254,10.608278274536133,3.4042837619781494,2572835.0,5.85,4.0
339,1986-11-01,11.457462310791016,11.470526695251465,11.339882850646973,11.39214038848877,3.655829668045044,2032243.0,6.04,3.8
340,1986-12-01,11.627299308776855,11.784071922302246,11.535848617553713,11.784071922302246,3.812692642211914,3020618.0,6.91,3.8
341,1987-01-01,12.267454147338867,12.424226760864258,12.267454147338867,12.319711685180664,3.98599624633789,2061904.0,6.43,3.8
342,1987-01-05,12.267454147338867,12.424226760864258,12.267454147338867,12.319711685180664,3.98599624633789,2061904.0,6.43,3.8
343,1987-02-01,13.46937656402588,13.743728637695312,13.404054641723633,13.61308479309082,4.4044623374938965,2688608.0,6.1,3.8
344,1987-03-01,13.351798057556152,13.456313133239746,13.286476135253906,13.286476135253906,4.32964563369751,3489450.0,6.13,4.0
345,1987-04-01,13.325669288635254,13.547762870788574,13.325669288635254,13.521635055541992,4.406276702880859,3980288.0,6.37,4.2
346,1987-04-30,13.325669288635254,13.547762870788574,13.325669288635254,13.521635055541992,4.406276702880859,3980288.0,6.37,4.2
347,1987-05-01,13.325669288635254,13.430184364318848,13.090510368347168,13.142767906188965,4.282814979553223,2409222.0,6.85,4.2
348,1987-05-22,13.325669288635254,13.430184364318848,13.090510368347168,13.142767906188965,4.282814979553223,2409222.0,6.85,4.2
349,1987-06-01,13.46937656402588,13.482440948486328,13.27341079711914,13.312604904174805,4.370612621307373,2767066.0,6.73,4.1
350,1987-07-01,14.815008163452148,14.815008163452148,14.60597801208496,14.60597801208496,4.7952351570129395,2198248.0,6.58,4.0
351,1987-07-02,14.815008163452148,14.815008163452148,14.60597801208496,14.60597801208496,4.7952351570129395,2198248.0,6.58,4.0
352,1987-08-01,15.206939697265623,15.415969848632812,15.180810928344728,15.206939697265623,4.992534637451172,2387216.0,6.73,4.2
353,1987-08-27,15.206939697265623,15.415969848632812,15.180810928344728,15.206939697265623,4.992534637451172,2387216.0,6.73,4.2
354,1987-09-01,16.722408294677734,16.98369598388672,16.095317840576172,16.408863067626953,5.417853832244873,2670429.0,7.22,4.3
355,1987-09-03,16.722408294677734,16.98369598388672,16.095317840576172,16.408863067626953,5.417853832244873,2670429.0,7.22,4.3
356,1987-09-04,16.722408294677734,16.98369598388672,16.095317840576172,16.408863067626953,5.417853832244873,2670429.0,7.22,4.3
357,1987-09-24,16.722408294677734,16.98369598388672,16.095317840576172,16.408863067626953,5.417853832244873,2670429.0,7.22,4.3
358,1987-10-01,17.062082290649414,17.401756286621094,16.98369598388672,17.349498748779297,5.728434085845947,3033534.0,7.29,4.3
359,1987-11-01,12.385032653808594,12.698578834533691,12.149874687194824,12.5418062210083,4.141036033630371,1958570.0,6.69,4.4
360,1987-11-04,12.385032653808594,12.698578834533691,12.149874687194824,12.5418062210083,4.141036033630371,1958570.0,6.69,4.4
361,1987-12-01,12.5418062210083,12.5418062210083,12.176003456115724,12.22826099395752,4.068461894989014,3485622.0,6.77,4.2
362,1988-01-01,13.53469944000244,13.9527587890625,13.482440948486328,13.822114944458008,4.598753929138184,2616848.0,6.83,4.3
363,1988-01-28,13.53469944000244,13.9527587890625,13.482440948486328,13.822114944458008,4.598753929138184,2616848.0,6.83,4.3
364,1988-02-01,12.672450065612791,12.985995292663574,12.437291145324709,12.489547729492188,4.155393123626709,2144667.0,6.58,4.3
365,1988-02-11,12.672450065612791,12.985995292663574,12.437291145324709,12.489547729492188,4.155393123626709,2144667.0,6.58,4.3
366,1988-03-01,12.385032653808594,12.5679349899292,12.358904838562012,12.489547729492188,4.19354772567749,5118880.0,6.58,4.4
367,1988-03-30,12.385032653808594,12.5679349899292,12.358904838562012,12.489547729492188,4.19354772567749,5118880.0,6.58,4.4
368,1988-04-01,11.88858699798584,12.019230842590332,11.836329460144045,11.86245822906494,3.982994794845581,2657034.0,6.87,4.3
369,1988-05-01,12.358904838562012,12.463419914245604,12.280517578125,12.332776069641112,4.1409125328063965,1614600.0,7.09,4.3
370,1988-05-09,12.358904838562012,12.463419914245604,12.280517578125,12.332776069641112,4.1409125328063965,1614600.0,7.09,4.3
371,1988-05-25,12.358904838562012,12.463419914245604,12.280517578125,12.332776069641112,4.1409125328063965,1614600.0,7.09,4.3
372,1988-06-01,12.90760898590088,13.142767906188965,12.88148021697998,13.090510368347168,4.435257434844971,4368270.0,7.51,4.5
373,1988-06-22,12.90760898590088,13.142767906188965,12.88148021697998,13.090510368347168,4.435257434844971,4368270.0,7.51,4.5
374,1988-07-01,13.90050220489502,13.90050220489502,13.61308479309082,13.743728637695312,4.656578063964844,1563890.0,7.75,4.5
375,1988-07-19,13.90050220489502,13.90050220489502,13.61308479309082,13.743728637695312,4.656578063964844,1563890.0,7.75,4.5
376,1988-08-01,13.351798057556152,13.351798057556152,13.168895721435549,13.29953956604004,4.506081581115723,1408410.0,8.01,4.4
377,1988-08-08,13.351798057556152,13.351798057556152,13.168895721435549,13.29953956604004,4.506081581115723,1408410.0,8.01,4.4
378,1988-08-09,13.351798057556152,13.351798057556152,13.168895721435549,13.29953956604004,4.506081581115723,1408410.0,8.01,4.4
379,1988-09-01,12.5418062210083,12.62019157409668,12.306647300720217,12.385032653808594,4.233087539672852,3475098.0,8.19,4.4
380,1988-10-01,13.456313133239746,13.508569717407228,13.24728298187256,13.404054641723633,4.581379413604736,2191550.0,8.3,4.5
381,1988-11-01,12.698578834533691,12.803093910217283,12.672450065612791,12.672450065612791,4.331324100494385,1887288.0,8.35,4.4
382,1988-11-17,12.698578834533691,12.803093910217283,12.672450065612791,12.672450065612791,4.331324100494385,1887288.0,8.35,4.4
383,1988-11-22,12.698578834533691,12.803093910217283,12.672450065612791,12.672450065612791,4.331324100494385,1887288.0,8.35,4.4
384,1988-12-01,12.594063758850098,12.62019157409668,12.437291145324709,12.515677452087402,4.316186904907227,1736592.0,8.76,4.7
385,1988-12-15,12.594063758850098,12.62019157409668,12.437291145324709,12.515677452087402,4.316186904907227,1736592.0,8.76,4.7
386,1989-01-01,12.829221725463867,12.88148021697998,12.5679349899292,12.829221725463867,4.424318313598633,2419747.0,9.12,4.6
387,1989-01-05,12.829221725463867,12.88148021697998,12.5679349899292,12.829221725463867,4.424318313598633,2419747.0,9.12,4.6
388,1989-02-01,14.318561553955078,14.501462936401367,14.161788940429688,14.2401762008667,4.9109015464782715,3245944.0,9.36,4.8
389,1989-02-09,14.318561553955078,14.501462936401367,14.161788940429688,14.2401762008667,4.9109015464782715,3245944.0,9.36,4.8
390,1989-02-14,14.318561553955078,14.501462936401367,14.161788940429688,14.2401762008667,4.9109015464782715,3245944.0,9.36,4.8
391,1989-02-24,14.318561553955078,14.501462936401367,14.161788940429688,14.2401762008667,4.9109015464782715,3245944.0,9.36,4.8
392,1989-03-01,13.769858360290527,13.848243713378906,13.53469944000244,13.586956977844238,4.730686664581299,2498683.0,9.85,4.7
393,1989-04-01,13.9527587890625,14.005017280578612,13.848243713378906,14.005017280578612,4.876244068145752,1678227.0,9.84,4.6
394,1989-05-01,14.867265701293944,14.94565200805664,14.841136932373049,14.94565200805664,5.203754425048828,920442.0,9.81,4.6
395,1989-05-17,14.867265701293944,14.94565200805664,14.841136932373049,14.94565200805664,5.203754425048828,920442.0,9.81,4.6
396,1989-06-01,15.206939697265623,15.337583541870115,15.180810928344728,15.23306941986084,5.350274562835693,932880.0,9.53,4.5
397,1989-06-06,15.206939697265623,15.337583541870115,15.180810928344728,15.23306941986084,5.350274562835693,932880.0,9.53,4.5
398,1989-07-01,14.89339542388916,14.89339542388916,14.762750625610352,14.867265701293944,5.2217888832092285,560206.0,9.24,4.6
399,1989-07-07,14.89339542388916,14.89339542388916,14.762750625610352,14.867265701293944,5.2217888832092285,560206.0,9.24,4.6
400,1989-07-27,14.89339542388916,14.89339542388916,14.762750625610352,14.867265701293944,5.2217888832092285,560206.0,9.24,4.6
401,1989-08-01,15.93854522705078,16.12144660949707,15.703386306762695,15.755643844604492,5.533816814422607,4160166.0,8.99,4.4
402,1989-09-01,16.382734298706055,16.565635681152344,16.330476760864258,16.46112060546875,5.829184055328369,1329474.0,9.02,4.3
403,1989-10-01,15.703386306762695,15.807901382446287,15.651128768920898,15.729515075683594,5.570110321044922,1959048.0,8.84,4.3
404,1989-10-19,15.703386306762695,15.807901382446287,15.651128768920898,15.729515075683594,5.570110321044922,1959048.0,8.84,4.3
405,1989-11-01,14.94565200805664,15.076295852661133,14.89339542388916,15.050167083740234,5.329542636871338,1058221.0,8.55,4.4
406,1989-11-06,14.94565200805664,15.076295852661133,14.89339542388916,15.050167083740234,5.329542636871338,1058221.0,8.55,4.4
407,1989-12-01,16.12144660949707,16.48724937438965,16.043060302734375,16.46112060546875,5.880232810974121,3203845.0,8.45,4.4
408,1989-12-20,16.12144660949707,16.48724937438965,16.043060302734375,16.46112060546875,5.880232810974121,3203845.0,8.45,4.4
409,1990-01-01,16.591764450073242,16.853052139282227,16.539506912231445,16.826923370361328,6.010900497436523,1789216.0,8.23,4.4
410,1990-02-01,16.330476760864258,16.330476760864258,16.225961685180664,16.27821922302246,5.8148956298828125,1572979.0,8.24,4.6
411,1990-03-01,16.77466583251953,17.009824752807617,16.696279525756836,16.826923370361328,6.065566062927246,1598813.0,8.28,4.9
412,1990-04-01,16.95756721496582,17.11433982849121,16.879180908203125,17.035953521728516,6.1409125328063965,1226139.0,8.26,4.8
413,1990-05-01,16.670150756835938,16.670150756835938,16.48724937438965,16.565635681152344,5.971381664276123,1828445.0,8.18,4.8
414,1990-06-01,17.2972412109375,17.45401382446289,17.2711124420166,17.401756286621094,6.3287763595581055,2344160.0,8.29,4.9
415,1990-07-01,18.185619354248047,18.29013442993164,18.10723114013672,18.237876892089844,6.6328606605529785,1732765.0,8.15,5.0
416,1990-07-13,18.185619354248047,18.29013442993164,18.10723114013672,18.237876892089844,6.6328606605529785,1732765.0,8.15,5.0
417,1990-08-01,18.917224884033203,19.073997497558594,18.81270980834961,19.021738052368164,6.917943954467773,1475386.0,8.13,5.5
418,1990-09-01,16.356605529785156,16.356605529785156,16.173704147338867,16.30434799194336,5.98268461227417,1731330.0,8.2,5.5
419,1990-10-01,16.27821922302246,16.696279525756836,16.225961685180664,16.61789321899414,6.097733974456787,3820981.0,8.11,5.3
420,1990-10-29,16.27821922302246,16.696279525756836,16.225961685180664,16.61789321899414,6.097733974456787,3820981.0,8.11,5.3
421,1990-11-01,16.513378143310547,16.591764450073242,16.330476760864258,16.46112060546875,6.040207386016846,1995406.0,7.81,5.3
422,1990-11-14,16.513378143310547,16.591764450073242,16.330476760864258,16.46112060546875,6.040207386016846,1995406.0,7.81,5.3
423,1990-12-01,17.166597366333008,17.244983673095703,17.035953521728516,17.166597366333008,6.356900691986084,2334114.0,7.31,5.2
424,1990-12-07,17.166597366333008,17.244983673095703,17.035953521728516,17.166597366333008,6.356900691986084,2334114.0,7.31,5.2
425,1990-12-19,17.166597366333008,17.244983673095703,17.035953521728516,17.166597366333008,6.356900691986084,2334114.0,7.31,5.2
426,1991-01-01,17.95046043395996,18.054975509643555,17.741430282592773,17.741430282592773,6.569765090942383,1753336.0,6.91,5.6
427,1991-01-09,17.95046043395996,18.054975509643555,17.741430282592773,17.741430282592773,6.569765090942383,1753336.0,6.91,5.6
428,1991-02-01,17.715301513671875,17.741430282592773,17.349498748779297,17.401756286621094,6.443979740142822,2116442.0,6.25,5.6
429,1991-03-01,18.39464950561523,18.682064056396484,18.368520736694336,18.655935287475582,6.9679694175720215,2011194.0,6.12,5.2
430,1991-03-08,18.39464950561523,18.682064056396484,18.368520736694336,18.655935287475582,6.9679694175720215,2011194.0,6.12,5.2
431,1991-04-01,18.499164581298828,18.551420211791992,18.29013442993164,18.420778274536133,6.880143642425537,1408888.0,5.91,5.1
432,1991-04-30,18.499164581298828,18.551420211791992,18.29013442993164,18.420778274536133,6.880143642425537,1408888.0,5.91,5.1
433,1991-05-01,18.62980842590332,18.682064056396484,18.499164581298828,18.551420211791992,6.928936958312988,1938955.0,5.78,5.1
434,1991-06-01,19.91011619567871,19.988502502441406,19.805601119995117,19.857860565185547,7.483215808868408,1811701.0,5.9,5.0
435,1991-07-01,19.674957275390625,19.674957275390625,19.544313430786133,19.648828506469727,7.404444694519043,1634214.0,5.82,4.8
436,1991-08-01,18.342390060424805,18.342390060424805,17.898202896118164,18.028846740722656,6.793973922729492,2224082.0,5.66,4.6
437,1991-08-06,18.342390060424805,18.342390060424805,17.898202896118164,18.028846740722656,6.793973922729492,2224082.0,5.66,4.6
438,1991-09-01,18.15949058532715,18.237876892089844,18.081104278564453,18.10723114013672,6.885605335235596,1053437.0,5.45,4.5
439,1991-09-13,18.15949058532715,18.237876892089844,18.081104278564453,18.10723114013672,6.885605335235596,1053437.0,5.45,4.5
440,1991-10-01,18.917224884033203,19.10012435913086,18.891094207763672,19.021738052368164,7.233357906341553,1211787.0,5.21,4.4
441,1991-10-31,18.917224884033203,19.10012435913086,18.891094207763672,19.021738052368164,7.233357906341553,1211787.0,5.21,4.4
442,1991-11-01,19.073997497558594,19.204639434814453,18.969482421875,19.10012435913086,7.263169288635254,1461990.0,4.81,4.5
443,1991-11-06,19.073997497558594,19.204639434814453,18.969482421875,19.10012435913086,7.263169288635254,1461990.0,4.81,4.5
444,1991-12-01,18.054975509643555,18.29013442993164,18.054975509643555,18.237876892089844,6.9973039627075195,1367267.0,4.43,4.4
445,1991-12-06,18.054975509643555,18.29013442993164,18.054975509643555,18.237876892089844,6.9973039627075195,1367267.0,4.43,4.4
446,1991-12-20,18.054975509643555,18.29013442993164,18.054975509643555,18.237876892089844,6.9973039627075195,1367267.0,4.43,4.4
447,1992-01-01,19.805601119995117,19.93624687194824,19.701087951660156,19.91011619567871,7.638893127441406,1872936.0,4.03,3.9
448,1992-02-01,18.9433536529541,19.178512573242188,18.78657913208008,19.073997497558594,7.31809663772583,1845667.0,4.06,3.8
449,1992-03-01,19.12625312805176,19.204639434814453,18.864967346191406,18.995609283447266,7.351955413818359,1725589.0,3.98,3.9
450,1992-04-01,18.551420211791992,18.551420211791992,18.29013442993164,18.420778274536133,7.129475116729736,1486867.0,3.73,3.9
451,1992-04-09,18.551420211791992,18.551420211791992,18.29013442993164,18.420778274536133,7.129475116729736,1486867.0,3.73,3.9
452,1992-05-01,19.49205780029297,19.59657287597656,19.28302764892578,19.387542724609375,7.503642559051514,1340955.0,3.82,3.8
453,1992-06-01,19.93624687194824,20.014631271362305,19.805601119995117,20.014631271362305,7.812313079833984,1088838.0,3.76,3.8
454,1992-07-01,20.27592086791992,20.58946418762207,20.223661422729492,20.58946418762207,8.036689758300781,1382576.0,3.25,3.7
455,1992-07-02,20.27592086791992,20.58946418762207,20.223661422729492,20.58946418762207,8.036689758300781,1382576.0,3.25,3.7
456,1992-08-01,20.90300941467285,21.08591079711914,20.90300941467285,21.08591079711914,8.23046588897705,933358.0,3.3,3.5
457,1992-09-01,20.537206649780273,20.720109939575195,20.537206649780273,20.641721725463867,8.121896743774414,524805.0,3.22,3.3
458,1992-09-04,20.537206649780273,20.720109939575195,20.537206649780273,20.641721725463867,8.121896743774414,524805.0,3.22,3.3
459,1992-10-01,21.42558479309082,21.45171356201172,21.059783935546875,21.08591079711914,8.296674728393555,859206.0,3.1,3.5
460,1992-11-01,21.503971099853516,21.94816017150879,21.477842330932617,21.92203140258789,8.62566089630127,1274936.0,3.09,3.4
461,1992-12-01,21.26881217956543,21.347198486328125,21.216554641723633,21.347198486328125,8.464990615844727,1274458.0,2.92,3.3
462,1993-01-01,21.059783935546875,21.11203956604004,20.95526885986328,21.033653259277344,8.340662002563477,1580155.0,3.02,3.5
463,1993-02-01,20.484949111938477,20.641721725463867,20.458820343017575,20.641721725463867,8.185242652893066,896522.0,3.03,3.6
464,1993-03-01,22.052675247192383,22.052675247192383,21.7913875579834,21.7913875579834,8.71005916595459,749653.0,3.07,3.4
465,1993-04-01,22.91492462158203,22.94105339050293,22.81040954589844,22.888795852661133,9.148695945739746,587475.0,2.96,3.5
466,1993-05-01,23.306856155395508,23.907817840576172,23.306856155395508,23.724916458129883,9.482900619506836,1333779.0,3.0,3.4
467,1993-06-01,23.59427261352539,23.93394660949707,23.568143844604492,23.829431533813477,9.595149040222168,977371.0,3.04,3.3
468,1993-07-01,22.57525062561035,22.60137939453125,22.522993087768555,22.60137939453125,9.100662231445312,1438549.0,3.06,3.2
469,1993-08-01,22.209447860717773,22.26170539855957,22.052675247192383,22.235576629638672,8.953371047973633,1294072.0,3.03,3.3
470,1993-09-01,22.86266708374023,22.86266708374023,22.679765701293945,22.732023239135746,9.223750114440918,894608.0,3.09,3.2
471,1993-10-01,21.530099868774418,21.58235740661621,21.373327255249023,21.42558479309082,8.693648338317871,1608381.0,2.99,3.0
472,1993-11-01,21.634614944458008,21.869773864746097,21.58235740661621,21.843645095825195,8.863280296325684,1425154.0,3.02,3.1
473,1993-12-01,22.78428077697754,22.888795852661133,22.705894470214844,22.78428077697754,9.31843376159668,1044826.0,2.96,3.2
474,1994-01-01,22.679765701293945,22.705894470214844,22.157190322875977,22.340091705322266,9.13676643371582,1563411.0,3.05,2.9
475,1994-02-01,22.47073554992676,22.47073554992676,22.07880401611328,22.13106155395508,9.051279067993164,1970051.0,3.25,2.8
476,1994-02-04,22.47073554992676,22.47073554992676,22.07880401611328,22.13106155395508,9.051279067993164,1970051.0,3.25,2.8
477,1994-03-01,21.974288940429688,22.000417709350582,21.556228637695312,21.634614944458008,8.920929908752441,2606802.0,3.34,2.9
478,1994-03-22,21.974288940429688,22.000417709350582,21.556228637695312,21.634614944458008,8.920929908752441,2606802.0,3.34,2.9
479,1994-04-01,20.484949111938477,20.641721725463867,20.43269157409668,20.484949111938477,8.446868896484375,2718747.0,3.56,2.8
480,1994-04-18,20.484949111938477,20.641721725463867,20.43269157409668,20.484949111938477,8.446868896484375,2718747.0,3.56,2.8
481,1994-05-01,20.43269157409668,20.850753784179688,20.32817649841309,20.693979263305664,8.533061981201172,2019805.0,4.01,2.8
482,1994-05-17,20.43269157409668,20.850753784179688,20.32817649841309,20.693979263305664,8.533061981201172,2019805.0,4.01,2.8
483,1994-06-01,21.216554641723633,21.216554641723633,20.95526885986328,21.007524490356445,8.740638732910156,1752858.0,4.25,2.9
484,1994-07-01,21.007524490356445,21.007524490356445,20.74623680114746,20.850753784179688,8.675409317016602,881452.0,4.26,2.9
485,1994-08-01,22.209447860717773,22.522993087768555,22.052675247192383,22.522993087768555,9.371179580688477,1418217.0,4.47,2.9
486,1994-08-16,22.209447860717773,22.522993087768555,22.052675247192383,22.522993087768555,9.371179580688477,1418217.0,4.47,2.9
487,1994-09-01,22.94105339050293,22.94105339050293,22.679765701293945,22.888795852661133,9.599481582641602,1020666.0,4.73,3.0
488,1994-10-01,23.045568466186523,23.09782600402832,22.679765701293945,22.836538314819336,9.577564239501951,768310.0,4.76,2.9
489,1994-11-01,22.993310928344727,23.045568466186523,22.522993087768555,22.732023239135746,9.533738136291504,950820.0,5.29,2.8
490,1994-11-15,22.993310928344727,23.045568466186523,22.522993087768555,22.732023239135746,9.533738136291504,950820.0,5.29,2.8
491,1994-12-01,21.42558479309082,21.42558479309082,21.164297103881836,21.216554641723633,8.972640037536621,913983.0,5.45,2.6
492,1995-01-01,22.41847801208496,22.57525062561035,22.313962936401367,22.57525062561035,9.547243118286133,1745203.0,5.53,2.9
493,1995-02-01,21.895902633666992,21.895902633666992,21.26881217956543,21.321069717407227,9.016840934753418,1840405.0,5.92,3.0
494,1995-03-01,22.78428077697754,22.94105339050293,22.78428077697754,22.94105339050293,9.78752613067627,1134765.0,5.98,3.0
495,1995-04-01,24.195234298706055,24.40426445007324,24.038461685180664,24.038461685180664,10.25572109222412,910634.0,6.05,3.1
496,1995-05-01,24.822324752807617,24.92683982849121,24.508779525756836,24.665552139282227,10.523265838623049,985504.0,6.01,3.1
497,1995-06-01,24.979097366333008,25.188127517700195,24.352006912231445,24.61329460144043,10.581673622131348,1422044.0,6.0,3.0
498,1995-07-01,23.986204147338867,24.09071922302246,23.881689071655273,24.09071922302246,10.357008934020996,603023.0,5.85,3.0
499,1995-07-06,23.986204147338867,24.09071922302246,23.881689071655273,24.09071922302246,10.357008934020996,603023.0,5.85,3.0
500,1995-08-01,23.67265892028809,23.881689071655273,23.150083541870117,23.829431533813477,10.24467945098877,2463760.0,5.74,2.9
501,1995-09-01,22.836538314819336,22.836538314819336,22.62750816345215,22.732023239135746,9.856547355651855,1373965.0,5.8,2.9
502,1995-10-01,23.62040138244629,23.93394660949707,23.568143844604492,23.829431533813477,10.332375526428224,3288522.0,5.76,3.0
503,1995-11-01,23.829431533813477,23.986204147338867,23.515886306762695,23.77717399597168,10.309711456298828,1658852.0,5.8,3.0
504,1995-12-01,27.38294219970703,27.59197235107422,26.91262435913086,27.27842712402344,11.914328575134276,1749509.0,5.6,3.0
505,1995-12-19,27.38294219970703,27.59197235107422,26.91262435913086,27.27842712402344,11.914328575134276,1749509.0,5.6,3.0
506,1996-01-01,27.696487426757812,28.375835418701172,27.64423179626465,28.323579788208008,12.370820045471191,2417594.0,5.56,3.0
507,1996-01-31,27.696487426757812,28.375835418701172,27.64423179626465,28.323579788208008,12.370820045471191,2417594.0,5.56,3.0
508,1996-02-01,26.96488380432129,27.27842712402344,26.494564056396484,27.27842712402344,11.914328575134276,1995406.0,5.22,2.9
509,1996-03-01,27.43520164489746,27.43520164489746,26.7558536529541,27.173912048339844,11.953163146972656,1370138.0,5.31,2.8
510,1996-04-01,27.38294219970703,27.801002502441406,26.860368728637695,27.801002502441406,12.22900676727295,2497009.0,5.22,2.7
511,1996-05-01,27.487457275390625,27.696487426757812,27.226171493530273,27.539716720581055,12.1140775680542,1831794.0,5.24,2.7
512,1996-06-01,28.48035049438477,28.58486557006836,28.166805267333984,28.58486557006836,12.658807754516602,1356264.0,5.27,2.7
513,1996-07-01,29.002925872802734,29.839046478271484,28.637123107910156,29.839046478271484,13.214227676391602,1438549.0,5.4,2.7
514,1996-08-01,27.147783279418945,27.539716720581055,27.12165641784668,27.539716720581055,12.671125411987305,1277328.0,5.22,2.6
515,1996-09-01,28.4280948638916,28.689380645751953,28.323579788208008,28.58486557006836,13.246764183044434,2114050.0,5.3,2.7
516,1996-10-01,29.107440948486328,29.107440948486328,28.689380645751953,29.002925872802734,13.440505981445312,1327560.0,5.24,2.6
517,1996-11-01,31.981605529785156,32.08612060546875,31.459030151367188,31.77257537841797,14.72400188446045,2699133.0,5.31,2.6
518,1996-12-01,34.594482421875,34.75125503540039,34.22867965698242,34.75125503540039,16.200754165649414,2126488.0,5.29,2.6
519,1997-01-01,34.75125503540039,36.05769348144531,34.176422119140625,36.05769348144531,16.8098087310791,3853273.0,5.25,2.5
520,1997-02-01,35.58737564086914,35.58737564086914,34.96028518676758,35.37834548950195,16.493101119995117,1632301.0,5.19,2.5
521,1997-03-01,38.25250625610352,38.931854248046875,37.9912223815918,38.67057037353515,18.14018440246582,2499640.0,5.39,2.5
522,1997-03-25,38.25250625610352,38.931854248046875,37.9912223815918,38.67057037353515,18.14018440246582,2499640.0,5.39,2.5
523,1997-04-01,35.11705780029297,35.79640579223633,34.90802764892578,35.79640579223633,16.791934967041016,2398698.0,5.51,2.7
524,1997-05-01,36.2144660949707,36.73704147338867,35.74414825439453,36.42349624633789,17.08609962463379,1714586.0,5.5,2.5
525,1997-06-01,38.513797760009766,38.56605529785156,37.93896484375,37.9912223815918,17.9250431060791,1621058.0,5.56,2.4
526,1997-07-01,42.64213943481445,42.955684661865234,41.8060188293457,42.11956405639648,19.872894287109375,1610773.0,5.52,2.4
527,1997-08-01,39.50668716430664,39.50668716430664,38.879600524902344,39.40217590332031,18.590776443481445,2976126.0,5.54,2.3
528,1997-09-01,37.57316207885742,38.27863693237305,37.520904541015625,38.27863693237305,18.164249420166016,3184709.0,5.54,2.2
529,1997-10-01,38.879600524902344,39.611202239990234,38.72282409667969,39.45442962646485,18.72219467163086,2148494.0,5.5,2.3
530,1997-11-01,38.4615364074707,38.72282409667969,38.35702133178711,38.53992462158203,18.28822898864746,2911303.0,5.52,2.2
531,1997-12-01,40.99602890014648,41.283443450927734,40.81312561035156,41.23118591308594,19.676116943359375,1118738.0,5.5,2.2
532,1998-01-01,34.35932159423828,34.96028518676758,34.176422119140625,34.90802764892578,16.65860366821289,3077308.0,5.56,2.2
533,1998-02-01,35.27383041381836,36.55413818359375,35.27383041381836,36.3189811706543,17.33193016052246,3405012.0,5.51,2.3
534,1998-03-01,35.6657600402832,37.41638946533203,35.6657600402832,37.20735931396485,17.867385864257812,4197242.0,5.49,2.1
535,1998-04-01,38.72282409667969,38.85346984863281,38.35702133178711,38.513797760009766,18.494752883911133,3323923.0,5.45,2.1
536,1998-05-01,39.45442962646485,39.637332916259766,39.1147575378418,39.637332916259766,19.034290313720703,1105822.0,5.49,2.2
537,1998-06-01,38.82733917236328,39.55894470214844,38.74895477294922,39.34991455078125,19.004104614257812,1956656.0,5.56,2.2
538,1998-07-01,34.38545227050781,35.06480026245117,34.07190704345703,35.06480026245117,16.934598922729492,1954742.0,5.54,2.2
539,1998-08-01,31.328386306762695,31.380643844604492,30.72742462158203,31.25,15.09223175048828,3679135.0,5.55,2.5
540,1998-09-01,28.323579788208008,28.637123107910156,27.43520164489746,28.454221725463867,13.84022617340088,7569245.0,5.51,2.5
541,1998-09-29,28.323579788208008,28.637123107910156,27.43520164489746,28.454221725463867,13.84022617340088,7569245.0,5.51,2.5
542,1998-10-01,30.67516708374023,30.91032600402832,29.656145095825195,30.335493087768555,14.755276679992676,2243218.0,5.07,2.3
543,1998-10-15,30.67516708374023,30.91032600402832,29.656145095825195,30.335493087768555,14.755276679992676,2243218.0,5.07,2.3
544,1998-11-01,33.497074127197266,33.9935188293457,33.497074127197266,33.57545852661133,16.331205368041992,1859541.0,4.83,2.3
545,1998-11-17,33.497074127197266,33.9935188293457,33.497074127197266,33.57545852661133,16.331205368041992,1859541.0,4.83,2.3
546,1998-12-01,33.57545852661133,34.07190704345703,33.52320098876953,34.019649505615234,16.662363052368164,2691957.0,4.68,2.4
547,1999-01-01,30.25710678100586,31.511287689208984,30.178720474243164,31.197742462158203,15.28023624420166,4378556.0,4.63,2.4
548,1999-02-01,32.60869598388672,33.340301513671875,32.190635681152344,32.190635681152344,15.76654052734375,4094865.0,4.76,2.1
549,1999-03-01,30.91032600402832,30.988712310791016,30.28323554992676,30.75355339050293,15.173842430114746,2183178.0,4.81,2.1
550,1999-04-01,29.682273864746097,30.518394470214844,29.630016326904297,30.41387939453125,15.006245613098145,2519733.0,4.74,2.2
551,1999-05-01,37.72993469238281,39.82023239135742,37.62541961669922,39.245399475097656,19.36372947692871,9339803.0,4.74,2.0
552,1999-06-01,35.74414825439453,36.86768341064453,34.80351257324219,36.86768341064453,18.306976318359375,3845379.0,4.76,2.1
553,1999-06-30,35.74414825439453,36.86768341064453,34.80351257324219,36.86768341064453,18.306976318359375,3845379.0,4.76,2.1
554,1999-07-01,35.95317840576172,36.44962310791016,35.535118103027344,36.44962310791016,18.099388122558594,2645791.0,4.99,2.1
555,1999-08-01,36.76316833496094,37.70380401611328,36.42349624633789,37.285743713378906,18.51456069946289,2258287.0,5.07,1.9
556,1999-08-24,36.76316833496094,37.70380401611328,36.42349624633789,37.285743713378906,18.51456069946289,2258287.0,5.07,1.9
557,1999-09-01,39.53281784057617,39.74184799194336,39.245399475097656,39.58507537841797,19.769357681274418,3153613.0,5.22,2.0
558,1999-10-01,40.21216583251953,40.2382926940918,39.21927261352539,39.45442962646485,19.704111099243164,2419747.0,5.2,2.1
559,1999-11-01,39.76797866821289,40.21216583251953,39.193145751953125,39.29766082763672,19.625816345214844,2609672.0,5.42,2.1
560,1999-11-16,39.76797866821289,40.21216583251953,39.193145751953125,39.29766082763672,19.625816345214844,2609672.0,5.42,2.1
561,1999-12-01,39.58507537841797,39.82023239135742,39.1147575378418,39.480560302734375,19.826961517333984,2466870.0,5.3,1.9
562,2000-01-01,40.159908294677734,40.34280776977539,39.323787689208984,39.45442962646485,19.813833236694336,2599386.0,5.45,2.0
563,2000-02-01,39.45442962646485,40.21216583251953,39.193145751953125,39.34991455078125,19.76134490966797,3160071.0,5.73,2.2
564,2000-02-02,39.45442962646485,40.21216583251953,39.193145751953125,39.34991455078125,19.76134490966797,3160071.0,5.73,2.2
565,2000-03-01,36.44962310791016,36.684783935546875,35.56124496459961,36.005435943603516,18.198883056640625,3458354.0,5.85,2.4
566,2000-03-21,36.44962310791016,36.684783935546875,35.56124496459961,36.005435943603516,18.198883056640625,3458354.0,5.85,2.4
567,2000-04-01,37.36412811279297,38.61831283569336,37.31187438964844,38.40928268432617,19.413904190063477,3434194.0,6.02,2.3
568,2000-05-01,36.24059295654297,37.02445602416992,35.56124496459961,36.34510803222656,18.370576858520508,4157774.0,6.27,2.4
569,2000-05-16,36.24059295654297,37.02445602416992,35.56124496459961,36.34510803222656,18.370576858520508,4157774.0,6.27,2.4
570,2000-06-01,35.979305267333984,35.979305267333984,35.27383041381836,35.48286056518555,18.051000595092773,2432664.0,6.53,2.5
571,2000-07-01,34.698997497558594,35.27383041381836,34.698997497558594,35.143184661865234,17.878198623657227,1948762.0,6.54,2.5
572,2000-08-01,37.834449768066406,38.121864318847656,37.31187438964844,37.36412811279297,19.008047103881836,3242834.0,6.5,2.6
573,2000-09-01,39.27153015136719,39.53281784057617,38.67057037353515,38.67057037353515,19.79186248779297,3832462.0,6.52,2.6
574,2000-10-01,38.43540954589844,38.74895477294922,37.965091705322266,38.33089447021485,19.618005752563477,2982106.0,6.51,2.5
575,2000-11-01,40.2382926940918,40.94377136230469,39.637332916259766,39.76797866821289,20.3535099029541,3197147.0,6.51,2.6
576,2000-12-01,41.49247360229492,41.93666458129883,41.49247360229492,41.64924621582031,21.44782066345215,3024206.0,6.4,2.6
577,2001-01-01,49.38336181640625,50.794315338134766,49.122074127197266,49.82754898071289,25.65934944152832,5562835.0,5.98,2.6
578,2001-01-03,49.38336181640625,50.794315338134766,49.122074127197266,49.82754898071289,25.65934944152832,5562835.0,5.98,2.6
579,2001-01-31,49.38336181640625,50.794315338134766,49.122074127197266,49.82754898071289,25.65934944152832,5562835.0,5.98,2.6
580,2001-02-01,46.36287689208984,47.44565200805664,45.78177261352539,46.63461685180664,24.015113830566406,4526382.0,5.49,2.7
581,2001-03-01,47.136287689208984,47.21571731567383,45.6939811706543,45.81939697265625,23.72032165527344,6006073.0,5.31,2.7
582,2001-03-20,47.136287689208984,47.21571731567383,45.6939811706543,45.81939697265625,23.72032165527344,6006073.0,5.31,2.7
583,2001-04-01,43.31103515625,44.35618591308594,42.433109283447266,42.66304397583008,22.08629608154297,5550158.0,4.8,2.6
584,2001-04-18,43.31103515625,44.35618591308594,42.433109283447266,42.66304397583008,22.08629608154297,5550158.0,4.8,2.6
585,2001-05-01,49.75334548950195,49.75334548950195,48.653846740722656,49.12625503540039,25.4322509765625,4204897.0,4.21,2.5
586,2001-05-15,49.75334548950195,49.75334548950195,48.653846740722656,49.12625503540039,25.4322509765625,4204897.0,4.21,2.5
587,2001-06-01,49.35200881958008,50.08361053466797,48.42809295654297,49.92057037353515,25.975366592407227,5111465.0,3.97,2.7
588,2001-06-27,49.35200881958008,50.08361053466797,48.42809295654297,49.92057037353515,25.975366592407227,5111465.0,3.97,2.7
589,2001-07-01,45.67307662963867,49.08026885986328,45.67307662963867,49.0217399597168,25.507673263549805,13880298.0,3.77,2.7
590,2001-08-01,46.613712310791016,47.03177261352539,46.199832916259766,46.40468215942383,24.145946502685547,3838203.0,3.65,2.7
591,2001-08-21,46.613712310791016,47.03177261352539,46.199832916259766,46.40468215942383,24.145946502685547,3838203.0,3.65,2.7
592,2001-09-01,43.52006530761719,44.979095458984375,43.49916458129883,43.708194732666016,22.870206832885746,5154042.0,3.07,2.6
593,2001-09-17,43.52006530761719,44.979095458984375,43.49916458129883,43.708194732666016,22.870206832885746,5154042.0,3.07,2.6
594,2001-10-01,40.96989822387695,41.02424621582031,39.79933166503906,40.49331283569336,21.18803024291992,6255798.0,2.49,2.6
595,2001-10-02,40.96989822387695,41.02424621582031,39.79933166503906,40.49331283569336,21.18803024291992,6255798.0,2.49,2.6
596,2001-11-01,43.74163818359375,44.552677154541016,43.22742462158203,44.4272575378418,23.2464599609375,3933883.0,2.09,2.8
597,2001-11-06,43.74163818359375,44.552677154541016,43.22742462158203,44.4272575378418,23.2464599609375,3933883.0,2.09,2.8
598,2001-12-01,47.82608795166016,47.82608795166016,47.11538314819336,47.604515075683594,25.03765296936035,2768979.0,1.82,2.7
599,2001-12-11,47.82608795166016,47.82608795166016,47.11538314819336,47.604515075683594,25.03765296936035,2768979.0,1.82,2.7
600,2002-01-01,48.92558670043945,49.32692337036133,48.55769348144531,48.97157287597656,25.756671905517575,5127252.0,1.73,2.6
601,2002-02-01,46.40468215942383,47.39130401611328,46.19565200805664,47.35367965698242,24.905742645263672,5676455.0,1.74,2.6
602,2002-03-01,48.99665451049805,50.56438064575195,48.99665451049805,50.301002502441406,26.60054588317871,4604839.0,1.73,2.4
603,2002-04-01,48.13963317871094,48.306854248046875,47.3662223815918,48.18561935424805,25.48188209533691,2834520.0,1.75,2.5
604,2002-05-01,52.59197235107422,53.010032653808594,51.42140579223633,52.67558670043945,27.85629653930664,4633543.0,1.75,2.5
605,2002-06-01,52.3327751159668,52.87625503540039,51.85200881958008,52.027591705322266,27.64863967895508,4333826.0,1.75,2.3
606,2002-07-01,52.57107162475586,53.81270980834961,52.466556549072266,53.26087188720703,28.304014205932617,8947037.0,1.73,2.2
607,2002-08-01,52.36204147338867,52.487457275390625,50.92391204833984,51.05769348144531,27.133197784423828,6925079.0,1.74,2.4
608,2002-09-01,51.693145751953125,51.751670837402344,50.13795852661133,50.17976760864258,26.795549392700195,6083574.0,1.75,2.2
609,2002-10-01,46.300167083740234,48.75,46.300167083740234,48.61204147338867,25.95839500427246,9800024.0,1.75,2.2
610,2002-11-01,52.96404647827149,53.762542724609375,52.487457275390625,53.53260803222656,28.5859317779541,4585942.0,1.34,2.0
611,2002-11-06,52.96404647827149,53.762542724609375,52.487457275390625,53.53260803222656,28.5859317779541,4585942.0,1.34,2.0
612,2002-12-01,54.473243713378906,54.54849624633789,53.03093719482422,53.65802764892578,28.79234504699707,5427926.0,1.24,1.9
613,2003-01-01,51.55518341064453,52.98912811279297,51.44230651855469,52.98912811279297,28.43342399597168,5212407.0,1.24,1.9
614,2003-02-01,52.512542724609375,52.67140579223633,52.06103515625,52.25334548950195,28.038610458374023,6094816.0,1.26,1.7
615,2003-03-01,52.61287689208984,53.09364318847656,52.15719223022461,52.15719223022461,28.1336727142334,3767878.0,1.25,1.7
616,2003-04-01,54.36454772949219,55.033443450927734,54.18060302734375,54.698997497558594,29.504735946655273,7115961.0,1.26,1.5
617,2003-05-01,52.69230651855469,52.69230651855469,51.91889572143555,52.21571731567383,28.16522789001465,5431036.0,1.26,1.6
618,2003-06-01,53.19816207885742,53.377925872802734,52.198997497558594,52.25752639770508,28.337696075439453,5151411.0,1.22,1.5
619,2003-06-25,53.19816207885742,53.377925872802734,52.198997497558594,52.25752639770508,28.337696075439453,5151411.0,1.22,1.5
620,2003-07-01,53.92140579223633,53.92140579223633,53.10618591308594,53.879600524902344,29.217294692993164,4109695.0,1.01,1.5
621,2003-08-01,58.277591705322266,58.63294219970703,58.06856155395508,58.11454772949219,31.513765335083008,4379034.0,1.03,1.3
622,2003-09-01,58.94648742675781,59.193145751953125,58.49916458129883,58.59113693237305,31.91806411743164,7817534.0,1.01,1.2
623,2003-10-01,58.4782600402832,59.3227424621582,58.361202239990234,59.28093719482422,32.2938346862793,5320884.0,1.01,1.3
624,2003-11-01,66.02006530761719,66.32942962646484,65.61036682128906,65.8779296875,35.88758850097656,3358248.0,1.0,1.1
625,2003-12-01,66.47157287597656,68.26923370361328,66.3879623413086,68.24414825439453,37.33619689941406,4056952.0,0.98,1.1
626,2004-01-01,71.07023620605469,71.22909545898438,69.4899673461914,69.70735931396484,38.136722564697266,3099673.0,1.0,1.1
627,2004-02-01,65.96154022216797,66.55518341064453,64.85785675048828,65.21739196777344,35.68026351928711,4735203.0,1.01,1.2
628,2004-03-01,65.61036682128906,66.13712310791016,65.29264068603516,65.86956787109375,36.19931411743164,2828301.0,1.0,1.6
629,2004-04-01,68.45317840576172,68.56187438964844,67.64214324951172,67.7675552368164,37.24236679077149,3427736.0,1.0,1.8
630,2004-05-01,72.32441711425781,73.28594970703125,72.13211059570312,72.7675552368164,39.99018859863281,2746375.0,1.0,1.7
631,2004-06-01,70.34281158447266,71.32942962646484,70.24247741699219,70.92809295654297,39.148826599121094,2828779.0,1.03,1.9
632,2004-06-30,70.34281158447266,71.32942962646484,70.24247741699219,70.92809295654297,39.148826599121094,2828779.0,1.03,1.9
633,2004-07-01,75.25083923339844,75.34281158447266,73.40300750732422,73.72073364257812,40.69023513793945,3142131.0,1.26,1.8
634,2004-08-01,68.81270599365234,70.10869598388672,68.47826385498047,69.85785675048828,38.55812072753906,2884752.0,1.43,1.7
635,2004-08-10,68.81270599365234,70.10869598388672,68.47826385498047,69.85785675048828,38.55812072753906,2884752.0,1.43,1.7
636,2004-09-01,68.6622085571289,69.48160552978516,68.6622085571289,69.28093719482422,38.41546630859375,2457062.0,1.61,2.0
637,2004-09-21,68.6622085571289,69.48160552978516,68.6622085571289,69.28093719482422,38.41546630859375,2457062.0,1.61,2.0
638,2004-10-01,66.88963317871094,67.5167236328125,66.63043212890625,66.63043212890625,36.945796966552734,4283833.0,1.76,2.0
639,2004-11-01,64.79933166503906,64.79933166503906,63.662208557128906,64.30602264404297,35.65694046020508,3474858.0,1.93,2.2
640,2004-11-10,64.79933166503906,64.79933166503906,63.662208557128906,64.30602264404297,35.65694046020508,3474858.0,1.93,2.2
641,2004-12-01,66.47157287597656,67.26588439941406,66.47157287597656,67.26588439941406,37.463077545166016,4585225.0,2.16,2.2
642,2004-12-14,66.47157287597656,67.26588439941406,66.47157287597656,67.26588439941406,37.463077545166016,4585225.0,2.16,2.2
643,2005-01-01,68.70401000976562,69.7324447631836,68.60367584228516,68.89632415771484,38.371116638183594,3817632.0,2.28,2.3
644,2005-02-01,70.5267562866211,70.81939697265625,70.06688690185547,70.3010025024414,39.153438568115234,3600199.0,2.5,2.4
645,2005-02-02,70.5267562866211,70.81939697265625,70.06688690185547,70.3010025024414,39.153438568115234,3600199.0,2.5,2.4
646,2005-03-01,70.19230651855469,71.07023620605469,69.94983673095703,70.62709045410156,39.532596588134766,2738720.0,2.63,2.3
647,2005-03-22,70.19230651855469,71.07023620605469,69.94983673095703,70.62709045410156,39.532596588134766,2738720.0,2.63,2.3
648,2005-04-01,71.90635681152344,72.08193969726562,71.1287612915039,71.17057037353516,39.83678436279297,2743265.0,2.79,2.2
649,2005-05-01,63.93812561035156,64.49832916259766,63.754180908203125,64.28093719482422,35.98039627075195,3390062.0,3.0,2.2
650,2005-05-03,63.93812561035156,64.49832916259766,63.754180908203125,64.28093719482422,35.98039627075195,3390062.0,3.0,2.2
651,2005-06-01,64.19732666015625,65.05016326904297,63.92976760864258,64.38127136230469,36.23417663574219,2494736.0,3.04,2.0
652,2005-06-30,64.19732666015625,65.05016326904297,63.92976760864258,64.38127136230469,36.23417663574219,2494736.0,3.04,2.0
653,2005-07-01,60.45986557006836,61.13712310791016,59.38963317871094,61.03678894042969,34.35187911987305,10603736.0,3.26,2.1
654,2005-08-01,62.79264068603515,63.001670837402344,62.466556549072266,62.95986557006836,35.434207916259766,2993349.0,3.5,2.1
655,2005-08-09,62.79264068603515,63.001670837402344,62.466556549072266,62.95986557006836,35.434207916259766,2993349.0,3.5,2.1
656,2005-09-01,59.698997497558594,59.9832763671875,59.0384635925293,59.24749374389648,33.54144287109375,3593502.0,3.62,2.0
657,2005-09-20,59.698997497558594,59.9832763671875,59.0384635925293,59.24749374389648,33.54144287109375,3593502.0,3.62,2.0
658,2005-10-01,61.254180908203125,61.56354522705078,60.57692337036133,60.64381408691406,34.33194351196289,2560397.0,3.78,2.1
659,2005-11-01,63.12709045410156,63.13545227050781,62.29933166503906,62.59197235107422,35.43484115600586,4400562.0,4.0,2.1
660,2005-12-01,65.8612060546875,66.75585174560547,65.83612060546875,66.27926635742188,37.722259521484375,3344255.0,4.16,2.2
661,2005-12-13,65.8612060546875,66.75585174560547,65.83612060546875,66.27926635742188,37.722259521484375,3344255.0,4.16,2.2
662,2006-01-01,65.0167236328125,66.34615325927734,64.58193969726562,66.1454849243164,37.64614486694336,3728171.0,4.29,2.1
663,2006-01-31,65.0167236328125,66.34615325927734,64.58193969726562,66.1454849243164,37.64614486694336,3728171.0,4.29,2.1
664,2006-02-01,60.45150375366211,61.371238708496094,60.20903015136719,61.19565200805664,34.82897186279297,4579604.0,4.49,2.1
665,2006-03-01,62.03177261352539,62.03177261352539,61.46321105957031,61.59698867797851,35.27909469604492,2434458.0,4.59,2.1
666,2006-03-28,62.03177261352539,62.03177261352539,61.46321105957031,61.59698867797851,35.27909469604492,2434458.0,4.59,2.1
667,2006-04-01,63.52006530761719,64.54013061523438,63.344482421875,63.41136932373047,36.3182487487793,4309188.0,4.79,2.3
668,2006-05-01,71.49665832519531,71.68060302734375,70.93645477294922,71.04515075683594,40.69044876098633,3406328.0,4.94,2.4
669,2006-05-10,71.49665832519531,71.68060302734375,70.93645477294922,71.04515075683594,40.69044876098633,3406328.0,4.94,2.4
670,2006-06-01,69.94983673095703,70.7943115234375,69.51505279541016,70.66053771972656,40.68587493896485,2059273.0,4.99,2.6
671,2006-06-29,69.94983673095703,70.7943115234375,69.51505279541016,70.66053771972656,40.68587493896485,2059273.0,4.99,2.6
672,2006-07-01,67.8511734008789,67.91806030273438,67.55016326904297,67.82608795166016,39.05380630493164,782902.0,5.24,2.7
673,2006-08-01,58.52842712402344,58.620399475097656,58.06019973754883,58.45317840576172,33.65694046020508,4070227.0,5.25,2.8
674,2006-09-01,59.9832763671875,60.46822738647461,59.90802764892578,59.966556549072266,34.752586364746094,2974811.0,5.25,2.9
675,2006-10-01,62.458194732666016,62.458194732666016,61.31270980834961,61.53010177612305,35.65871047973633,3519828.0,5.25,2.7
676,2006-11-01,65.91136932373047,66.1454849243164,65.45150756835938,65.91973114013672,38.20263671875,3480958.0,5.25,2.6
677,2006-12-01,68.18561553955078,68.18561553955078,65.98662567138672,66.87290954589844,38.97533416748047,6548339.0,5.24,2.6
678,2007-01-01,64.82441711425781,65.92809295654297,64.6989974975586,65.43478393554688,38.137168884277344,4522674.0,5.25,2.7
679,2007-02-01,62.5,62.566890716552734,61.63043594360352,61.86454772949219,36.056339263916016,7775914.0,5.26,2.7
680,2007-03-01,61.87290954589844,61.88127136230469,61.05351257324219,61.58863067626953,36.12193298339844,5347196.0,5.26,2.5
681,2007-04-01,63.91304397583008,63.91304397583008,63.46989822387695,63.77926254272461,37.4067497253418,2887622.0,5.25,2.3
682,2007-05-01,69.2056884765625,70.00836181640625,68.69564819335938,69.90802764892578,41.00129318237305,6649999.0,5.25,2.2
683,2007-06-01,73.53678894042969,73.93812561035156,73.10200500488281,73.93812561035156,43.607879638671875,3412068.0,5.25,2.2
684,2007-07-01,72.98494720458984,73.57859802246094,72.8511734008789,73.57859802246094,43.39582061767578,2879250.0,5.26,2.2
685,2007-08-01,74.36454772949219,74.80769348144531,73.36956787109375,74.4732437133789,43.92347717285156,6790051.0,5.02,2.1
686,2007-09-01,76.05351257324219,76.50502014160156,75.16722106933594,76.21237182617188,45.19442367553711,3645767.0,4.94,2.1
687,2007-09-18,76.05351257324219,76.50502014160156,75.16722106933594,76.21237182617188,45.19442367553711,3645767.0,4.94,2.1
688,2007-10-01,78.46154022216797,79.42308044433594,78.3277587890625,79.21405029296875,46.97445297241211,5007174.0,4.76,2.2
689,2007-10-31,78.46154022216797,79.42308044433594,78.3277587890625,79.21405029296875,46.97445297241211,5007174.0,4.76,2.2
690,2007-11-01,71.96488189697266,72.14046478271484,70.13378143310547,70.15050506591797,41.59970474243164,5193630.0,4.49,2.3
691,2007-12-01,69.75752258300781,70.21739196777344,68.51170349121094,68.73745727539062,41.002655029296875,5109432.0,4.24,2.4
692,2007-12-11,69.75752258300781,70.21739196777344,68.51170349121094,68.73745727539062,41.002655029296875,5109432.0,4.24,2.4
693,2008-01-01,70.43478393554688,70.86956787109375,68.75418090820312,69.155517578125,41.25203323364258,5326625.0,3.94,2.5
694,2008-01-22,70.43478393554688,70.86956787109375,68.75418090820312,69.155517578125,41.25203323364258,5326625.0,3.94,2.5
695,2008-01-30,70.43478393554688,70.86956787109375,68.75418090820312,69.155517578125,41.25203323364258,5326625.0,3.94,2.5
696,2008-02-01,66.71405029296875,67.95986938476562,66.58863067626953,67.90133666992188,40.503910064697266,5668801.0,2.98,2.3
697,2008-03-01,65.3511734008789,65.76087188720703,64.89966583251953,65.62709045410156,39.39396286010742,2900898.0,2.61,2.4
698,2008-03-18,65.3511734008789,65.76087188720703,64.89966583251953,65.62709045410156,39.39396286010742,2900898.0,2.61,2.4
699,2008-04-01,66.56354522705078,68.16889953613281,66.42140197753906,67.9933090209961,40.81434631347656,5757066.0,2.28,2.3
700,2008-04-30,66.56354522705078,68.16889953613281,66.42140197753906,67.9933090209961,40.81434631347656,5757066.0,2.28,2.3
701,2008-05-01,64.33110046386719,65.25919342041016,64.03009796142578,65.08361053466797,39.06771469116211,4525305.0,1.98,2.3
702,2008-06-01,64.72408294677734,64.79096984863281,63.377925872802734,63.754180908203125,38.51810073852539,4715350.0,2.0,2.4
703,2008-07-01,57.40802764892578,58.57023239135742,56.49665451049805,58.344482421875,35.24976348876953,7598308.0,2.01,2.5
704,2008-08-01,58.97157287597656,59.41471481323242,58.394649505615234,58.653846740722656,35.43666076660156,3619574.0,2.0,2.5
705,2008-09-01,60.51839447021485,61.56354522705078,59.197322845458984,59.464881896972656,36.18033981323242,5701093.0,1.81,2.5
706,2008-10-01,56.58026885986328,57.11538314819336,55.90301132202149,56.346153259277344,34.282806396484375,5520377.0,0.97,2.2
707,2008-10-08,56.58026885986328,57.11538314819336,55.90301132202149,56.346153259277344,34.282806396484375,5520377.0,0.97,2.2
708,2008-10-29,56.58026885986328,57.11538314819336,55.90301132202149,56.346153259277344,34.282806396484375,5520377.0,0.97,2.2
709,2008-11-01,53.14381408691406,54.05518341064453,53.06856155395508,53.60367965698242,32.61421203613281,4398410.0,0.39,2.0
710,2008-12-01,54.3060188293457,55.39297866821289,51.92307662963867,52.13210678100586,31.976028442382812,11619977.0,0.16,1.8
711,2008-12-16,54.3060188293457,55.39297866821289,51.92307662963867,52.13210678100586,31.976028442382812,11619977.0,0.16,1.8
712,2009-01-01,48.11872863769531,49.65719223022461,48.09364318847656,49.489967346191406,30.35541725158691,6355424.0,0.15,1.7
713,2009-02-01,44.138797760009766,44.33110427856445,41.93980026245117,42.32441329956055,25.96031951904297,10827268.0,0.22,1.8
714,2009-03-01,37.30769348144531,37.77592086791992,35.74414825439453,35.81939697265625,22.2092227935791,9707454.0,0.18,1.8
715,2009-04-01,40.92809295654297,42.533443450927734,40.73578643798828,42.3494987487793,26.25811195373535,6904628.0,0.15,1.9
716,2009-05-01,48.12709045410156,48.46989822387695,47.64213943481445,48.394649505615234,30.00630760192871,4883507.0,0.18,1.8
717,2009-06-01,48.41136932373047,50.05852890014648,48.41136932373047,49.573577880859375,31.005311965942383,7184731.0,0.21,1.7
718,2009-07-01,50.426422119140625,51.245819091796875,50.24247360229492,50.78595352172851,31.76357078552246,4592520.0,0.16,1.5
719,2009-08-01,60.033443450927734,60.61872863769531,59.573577880859375,60.317726135253906,37.72511672973633,6663275.0,0.16,1.4
720,2009-09-01,60.041805267333984,60.861202239990234,58.46989822387695,58.628761291503906,36.93655014038086,7013344.0,0.15,1.5
721,2009-10-01,61.5050163269043,61.76421356201172,60.535118103027344,60.6605339050293,38.216575622558594,5217789.0,0.12,1.7
722,2009-11-01,61.75585174560547,62.65886306762695,61.32942962646485,62.10702133178711,39.127872467041016,4702313.0,0.12,1.7
723,2009-12-01,65.09197235107422,66.05351257324219,65.08361053466797,65.74414825439453,41.689186096191406,3657846.0,0.12,1.8
724,2010-01-01,69.4732437133789,69.77424621582031,69.1220703125,69.41471862792969,44.016727447509766,3640265.0,0.11,1.6
725,2010-02-01,67.59197235107422,67.63378143310547,66.83946228027344,67.25752258300781,42.64882278442383,4344709.0,0.13,1.3
726,2010-03-01,67.36621856689453,67.68394470214844,67.1822738647461,67.37458038330078,43.00361251831055,3043940.0,0.16,1.1
727,2010-04-01,70.12541961669922,70.42642211914062,69.7324447631836,70.10869598388672,44.748741149902344,3547097.0,0.2,0.9
728,2010-05-01,74.57357788085938,75.25083923339844,74.09699249267578,75.09197235107422,47.929439544677734,5558290.0,0.2,0.9
729,2010-06-01,65.81939697265625,66.78093719482422,65.19230651855469,65.27591705322266,41.92605209350586,5190879.0,0.18,0.9
730,2010-07-01,66.10367584228516,66.3712387084961,65.07524871826172,65.67726135253906,42.183837890625,8146793.0,0.18,0.9
731,2010-08-01,72.57524871826172,73.39464569091797,72.50836181640625,73.08528137207031,46.94193649291992,4352244.0,0.19,0.9
732,2010-09-01,66.47993469238281,67.80936431884766,66.29598999023438,67.73411560058594,43.77825164794922,5390372.0,0.19,0.8
733,2010-10-01,73.0602035522461,73.48662567138672,72.65885925292969,73.26087188720703,47.350341796875,3828276.0,0.19,0.6
734,2010-11-01,70.71070098876953,71.31270599365234,69.74916076660156,70.21739196777344,45.383262634277344,5342771.0,0.19,0.8
735,2010-12-01,71.42140197753906,72.5167236328125,71.40467834472656,71.94815826416016,46.79352188110352,6163825.0,0.18,0.8
736,2011-01-01,72.533447265625,73.01839447021484,72.52508544921875,72.56688690185547,47.19593048095703,3148829.0,0.17,1.0
737,2011-02-01,73.59532165527344,73.82942962646484,73.11036682128906,73.40300750732422,47.739723205566406,4778259.0,0.16,1.1
738,2011-03-01,77.08193969726562,77.2157211303711,75.61872863769531,75.63545227050781,49.48752212524414,4793688.0,0.14,1.2
739,2011-04-01,78.20233917236328,78.8712387084961,77.44147491455078,77.86788940429688,50.94818115234375,4241853.0,0.1,1.3
740,2011-05-01,81.58863067626953,81.89799499511719,80.81103515625,81.03678894042969,53.02156448364258,3617900.0,0.09,1.5
741,2011-06-01,78.8712387084961,78.8712387084961,76.36287689208984,76.45484924316406,50.3184928894043,4133615.0,0.09,1.6
742,2011-07-01,79.28929901123047,81.06187438964844,79.28929901123047,80.8277587890625,53.196502685546875,5573001.0,0.07,1.8
743,2011-08-01,73.56187438964844,73.72073364257812,71.52173614501953,72.55016326904297,47.74864196777344,7173130.0,0.1,2.0
744,2011-09-01,69.41471862792969,70.19230651855469,67.95986938476562,68.23578643798828,45.211910247802734,5424338.0,0.08,2.0
745,2011-10-01,59.473243713378906,61.237457275390625,59.3060188293457,59.3060188293457,39.295204162597656,9112683.0,0.07,2.1
746,2011-11-01,65.12541961669922,65.40133666992188,63.762542724609375,63.9882926940918,42.3975944519043,6903432.0,0.08,2.2
747,2011-12-01,67.93478393554688,67.98494720458984,67.09866333007812,67.14046478271484,44.80049514770508,4625052.0,0.07,2.2
748,2012-01-01,70.033447265625,70.60200500488281,69.6989974975586,69.80769348144531,46.58024978637695,4042600.0,0.08,2.3
749,2012-02-01,73.17726135253906,73.56187438964844,72.93478393554688,73.03511810302734,48.733795166015625,3594578.0,0.1,2.2
750,2012-03-01,73.344482421875,73.76254272460938,72.88461303710938,73.15217590332031,49.14141845703125,3020139.0,0.13,2.3
751,2012-04-01,74.23912811279297,74.7157211303711,73.62039947509766,74.60702514648438,50.11873626708984,3158516.0,0.14,2.3
752,2012-05-01,74.5234146118164,75.20903015136719,74.19732666015625,74.91638946533203,50.32655334472656,2743863.0,0.16,2.3
753,2012-06-01,69.4397964477539,70.21739196777344,69.16387939453125,69.27257537841797,46.85749816894531,4232883.0,0.16,2.2
754,2012-07-01,74.65718841552734,74.99163818359375,73.81270599365234,74.6488265991211,50.494117736816406,2738481.0,0.16,2.1
755,2012-08-01,76.63043212890625,76.75585174560547,75.76087188720703,76.25418090820312,51.58000183105469,2571041.0,0.13,1.9
756,2012-09-01,76.94815826416016,77.1989974975586,76.17057037353516,76.655517578125,52.18178939819336,3028631.0,0.14,2.0
757,2012-10-01,77.67558288574219,78.8210678100586,77.09866333007812,78.00167083740234,53.09817886352539,4665118.0,0.16,2.0
758,2012-11-01,73.52842712402344,74.74916076660156,73.44481658935547,74.62374877929688,50.79872512817383,3954694.0,0.16,1.9
759,2012-12-01,76.42976379394531,76.655517578125,75.3511734008789,75.50167083740234,51.73712158203125,2307323.0,0.16,1.9
760,2013-01-01,78.75418090820312,79.25585174560547,78.56187438964844,79.24748992919922,54.30392074584961,3835213.0,0.14,1.9
761,2013-02-01,84.81605529785156,85.27591705322266,84.58193969726562,84.91638946533203,58.18852615356445,4608906.0,0.15,2.0
762,2013-03-01,86.44648742675781,86.90635681152344,85.88629150390625,86.76421356201172,59.821895599365234,3181838.0,0.14,1.9
763,2013-04-01,88.6287612915039,88.77090454101562,88.14381408691406,88.33612060546875,60.90568542480469,2014423.0,0.15,1.7
764,2013-05-01,87.60869598388672,87.89297485351562,87.30769348144531,87.41638946533203,60.27154922485352,3897644.0,0.11,1.7
765,2013-06-01,92.55852508544922,92.7675552368164,91.71405029296876,92.4832763671875,64.12859344482422,3165932.0,0.09,1.6
766,2013-07-01,90.61036682128906,92.27424621582033,90.6020050048828,91.39632415771484,63.374908447265625,3191885.0,0.09,1.7
767,2013-08-01,98.9799346923828,99.7157211303711,98.8879623413086,99.00502014160156,68.65079498291016,3584412.0,0.08,1.8
768,2013-09-01,95.7943115234375,96.0869598388672,94.35618591308594,94.6655502319336,66.00493621826172,2593048.0,0.08,1.7
769,2013-10-01,100.07524871826172,100.18394470214844,99.3311004638672,100.0167236328125,69.73602294921875,2218341.0,0.09,1.7
770,2013-11-01,105.98662567138672,106.1287612915039,104.61538696289062,105.2675552368164,73.3971176147461,2005214.0,0.08,1.7
771,2013-12-01,110.09197235107422,110.36788940429688,106.51337432861328,106.75585174560548,74.80005645751953,8249888.0,0.09,1.7
772,2014-01-01,115.42642211914062,116.22073364257812,115.05852508544922,115.4933090209961,80.92210388183594,3650312.0,0.07,1.6
773,2014-02-01,107.20735931396484,107.5167236328125,103.35284423828124,103.59532165527344,72.5855941772461,5077140.0,0.07,1.6
774,2014-03-01,111.26254272460938,111.88127136230467,110.09197235107422,110.5434799194336,77.96282958984375,3366022.0,0.08,1.7
775,2014-04-01,113.6120376586914,114.25585174560548,113.43645477294922,114.155517578125,80.51029205322266,2835477.0,0.09,1.8
776,2014-05-01,116.6387939453125,118.30267333984376,116.3210678100586,117.73411560058594,83.03416442871094,4780890.0,0.09,2.0
777,2014-06-01,118.95484924316406,119.4899673461914,118.46990203857422,118.99665832519533,84.4394302368164,2012031.0,0.1,1.9
778,2014-07-01,119.90802764892578,121.0869598388672,119.88294219970705,120.86956787109376,85.7684555053711,2114050.0,0.09,1.9
779,2014-08-01,117.1822738647461,117.92642211914062,116.28762817382812,117.1488265991211,83.12821197509766,2996937.0,0.09,1.7
780,2014-09-01,119.81605529785156,120.91136932373048,119.81605529785156,120.58528137207033,86.07688903808594,1888245.0,0.09,1.7
781,2014-10-01,118.0267562866211,118.45317840576172,115.98662567138672,116.3712387084961,83.06880950927734,3499376.0,0.09,1.8
782,2014-11-01,128.04347229003906,129.088623046875,127.90969848632812,128.17726135253906,91.4962387084961,2831530.0,0.09,1.7
783,2014-12-01,132.39967346191406,133.36956787109375,131.98995971679688,132.2407989501953,94.90357971191406,2992512.0,0.12,1.6
784,2015-01-01,137.71739196777344,138.02674865722656,136.06187438964844,137.17391967773438,98.4438705444336,2531214.0,0.11,1.6
785,2015-02-01,135.5518341064453,137.6421356201172,134.52340698242188,137.47491455078125,98.65989685058594,2846121.0,0.11,1.7
786,2015-03-01,140.6020050048828,142.55853271484375,140.5685577392578,142.55853271484375,102.94450378417967,2658828.0,0.11,1.8
787,2015-04-01,137.36622619628906,137.57525634765625,135.36788940429688,135.88629150390625,98.12635040283205,2569128.0,0.12,1.8
788,2015-05-01,131.09532165527344,132.18228149414062,131.09532165527344,131.83946228027344,95.2040557861328,2583480.0,0.12,1.7
789,2015-06-01,133.02674865722656,133.57859802246094,132.5836181640625,132.92642211914062,96.5959701538086,2279696.0,0.13,1.8
790,2015-07-01,130.54347229003906,130.7943115234375,129.3143768310547,130.1421356201172,94.57263946533205,2065253.0,0.13,1.8
791,2015-08-01,126.07859802246094,126.90635681152344,124.53177642822266,125.51839447021484,91.212646484375,2816700.0,0.14,1.8
792,2015-09-01,116.6220703125,117.466552734375,115.3344497680664,115.80267333984376,84.73797607421875,4390994.0,0.14,1.9
793,2015-10-01,118.90467834472656,119.14715576171876,116.7056884765625,117.72575378417967,86.14517211914062,2973615.0,0.12,1.9
794,2015-11-01,131.69732666015625,133.85450744628906,131.55519104003906,133.71237182617188,97.84329223632812,3231353.0,0.12,2.0
795,2015-12-01,130.777587890625,131.8311004638672,130.57691955566406,131.18728637695312,96.62631225585938,2701764.0,0.24,2.1
796,2015-12-16,130.777587890625,131.8311004638672,130.57691955566406,131.18728637695312,96.62631225585938,2701764.0,0.24,2.1
797,2016-01-01,123.78762817382812,124.01337432861328,121.57190704345705,122.75919342041016,90.41856384277344,3919531.0,0.34,2.2
798,2016-02-01,124.85785675048828,125.2424774169922,123.82942962646484,124.35618591308594,91.5948486328125,3230994.0,0.38,2.3
799,2016-03-01,132.73411560058594,133.52842712402344,131.7809295654297,133.43646240234375,98.99305725097656,2636104.0,0.36,2.2
800,2016-04-01,138.4866180419922,140.25083923339844,137.78428649902344,140.07525634765625,103.918212890625,2405874.0,0.37,2.1
801,2016-05-01,139.88294982910156,140.88629150390625,139.58193969726562,140.75250244140625,104.42064666748048,2033559.0,0.37,2.2
802,2016-06-01,140.28428649902344,141.24581909179688,139.7073516845703,141.04515075683594,105.33448028564452,1468927.0,0.38,2.2
803,2016-07-01,146.43812561035156,147.2240753173828,146.24581909179688,146.77256774902344,109.61180877685548,2309356.0,0.39,2.2
804,2016-08-01,148.06019592285156,149.2809295654297,148.06019592285156,149.0718994140625,111.32898712158205,1911686.0,0.4,2.3
805,2016-09-01,149.92474365234375,150.64381408691406,149.49832153320312,150.48495483398438,113.08454895019533,1309979.0,0.4,2.2
806,2016-10-01,146.59698486328125,147.11538696289062,145.81939697265625,146.35450744628906,109.9806137084961,2135578.0,0.4,2.1
807,2016-11-01,138.2943115234375,138.6371307373047,136.99832153320312,137.33277893066406,103.20111846923828,2936898.0,0.41,2.1
